location,salary,latitude,longitude
"East Midlands",19400,58.919014,-3.176615
"Derbyshire",17100,53.23586,-1.427393
"Alfreton",18300,53.097626,-1.390239
"Ashbourne",17800,53.017883,-1.731982
"Bakewell",5700,53.213436,-1.67495
"Belper",18300,53.0222,-1.480721
"Bolsover",6600,53.229614,-1.291847
"Buxton",19500,53.256634,-1.91366
"Chapel-en-le-Frith",1800,53.32307,-1.916026
"Chesterfield",18000,53.23586,-1.427393
"Clay Cross",6500,53.16525,-1.412697
"Derby",23800,52.921262,-1.476149
"Dronfield",15400,53.302197,-1.475376
"Glossop",13700,53.443302,-1.948877
"Heanor",22100,53.013863,-1.354015
"Ilkeston",20100,52.97065,-1.309413
"Long Eaton",18300,52.8996,-1.271089
"Matlock",24000,53.138287,-1.555379
"New Mills",8300,53.365604,-2.001904
"Ripley",21700,53.05051,-1.404237
"Sandiacre",30100,52.923016,-1.288668
"Shirebrook",10300,53.207767,-1.219827
"Staveley",7500,53.269283,-1.349407
"Swadlincote",13900,52.77374,-1.558078
"Whaley Bridge",200,53.329906,-1.98401
"Leicestershire",21900,52.649666,-1.205036
"Ashby-de-la-Zouch",19600,52.746967,-1.471825
"Coalville",18400,52.72472,-1.374317
"Earl Shilton",10400,52.575737,-1.315818
"Hinckley",22800,52.541126,-1.372884
"Leicester",26300,52.63614,-1.133079
"Loughborough",22000,52.772102,-1.206163
"Lutterworth",14400,52.455524,-1.199864
"Market Bosworth",21700,52.624226,-1.401819
"Market Harborough",23800,52.47796,-0.921053
"Melton Mowbray",16300,52.764256,-0.885737
"Shepshed",10900,52.771606,-1.290231
"Syston",21900,52.69924,-1.072825
"Lincolnshire",15400,53.230133,-0.541387
"Barton-upon-Humber",25500,53.68277,-0.438863
"Boston",14800,52.976616,-0.023287
"Bourne",12800,52.768204,-0.377195
"Brigg",16700,53.551933,-0.49246
"Cleethorpes",10500,53.56031,-0.028589
"Gainsborough",9700,53.40052,-0.773939
"Grantham",15000,52.910908,-0.64138
"Grimsby",19100,53.565395,-0.085947
"Heckington",5400,52.982334,-0.299651
"Holbeach",11800,52.80368,0.017101
"Horncastle",10000,53.208504,-0.117234
"Immingham",12300,53.612576,-0.223779
"Lincoln",21200,53.23363,-0.539217
"Long Sutton",900,52.785725,0.121565
"Louth",11000,53.366528,-0.00567
"Mablethorpe",11000,53.341927,0.26179
"Market Deeping",21000,52.675293,-0.31712
"Market Rasen",12400,53.387463,-0.335953
"North Hykeham",14800,53.187534,-0.58725
"Scunthorpe",17000,53.590946,-0.654133
"Skegness",15100,53.14252,0.341201
"Sleaford",14100,52.999466,-0.41036
"Spalding",19900,52.787144,-0.151661
"Spilsby",17600,53.17348,0.097814
"Stamford",21600,52.651943,-0.480105
"Woodhall Spa",21000,53.152225,-0.214215
"Northamptonshire",20100,54.782618,-1.522936
"Brackley",20700,52.02603,-1.15012
"Burton Latimer",12000,52.3648,-0.678112
"Corby",16200,52.487732,-0.701243
"Daventry",19400,52.25835,-1.160397
"Desborough",12400,52.44049,-0.812694
"Higham Ferrers",5400,52.306458,-0.592822
"Irthlingborough",23000,52.326725,-0.61149
"Kettering",19600,52.398636,-0.725697
"Northampton",26700,52.238144,-0.895914
"Oundle",14300,52.48081,-0.468813
"Raunds",6400,52.342052,-0.534604
"Rushden",17800,52.29101,-0.596654
"Thrapston",10600,52.39657,-0.535647
"Towcester",20500,52.132732,-0.989492
"Wellingborough",19100,52.30292,-0.692194
"Nottinghamshire",20600,52.930977,-1.125592
"Arnold",11300,53.004936,-1.126111
"Beeston",15100,52.925987,-1.216845
"Bingham",19400,52.95232,-0.953032
"Cotgrave",14700,52.91014,-1.038466
"Eastwood",15900,53.01772,-1.303878
"Hucknall",13600,53.037952,-1.202442
"Kirkby-in-Ashfield",8900,53.099052,-1.245737
"Mansfield",17800,53.14438,-1.196964
"Mansfield Woodhouse",8600,53.16532,-1.191893
"Market Warsop",1200,53.206047,-1.153069
"Newark-on-Trent",17300,53.076046,-0.809843
"Nottingham",27200,52.953419,-1.149646
"Retford",18700,53.32184,-0.942357
"Southwell",18300,53.0782,-0.955101
"Stapleford",12100,52.929516,-1.274395
"Sutton in Ashfield",12800,53.12504,-1.260917
"West Bridgford",14900,52.930977,-1.125592
"Worksop",14600,53.304165,-1.124489
"Rutland",12300,52.67047,-0.728124
"Oakham",15400,52.67047,-0.728124
"Uppingham",10700,52.588985,-0.722933
"Eastern",20200,51.533886,-1.919914
"Bedfordshire",20300,51.411922,-0.864632
"Ampthill",12900,52.03181,-0.49295
"Bedford",26100,52.13685,-0.468511
"Biggleswade",13100,52.086872,-0.265141
"Dunstable",16600,51.886032,-0.520936
"Houghton Regis",14800,51.904312,-0.520992
"Kempston",13500,52.119717,-0.492998
"Leighton Buzzard",20700,51.916416,-0.661476
"Luton",22800,51.879707,-0.417358
"Potton",5100,52.12778,-0.213771
"Sandy",19500,52.12887,-0.287859
"Shefford",13800,52.03843,-0.334585
"Stotfold",1400,52.01204,-0.229508
"Woburn",9300,51.988636,-0.61905
"Cambridgeshire",21300,52.374268,-0.238667
"Cambridge",27800,52.203482,0.123582
"Chatteris",14600,52.45395,0.049911
"Ely",21700,52.399838,0.263095
"Godmanchester",11200,52.3194,-0.174951
"Huntingdon",17800,52.330067,-0.184412
"March",18200,52.550194,0.088095
"Peterborough",22600,52.572577,-0.242734
"Ramsey",15400,52.44897,-0.103316
"Soham",13100,52.33374,0.337504
"St Ives",18900,50.212463,-5.480471
"St Neots",20700,52.227924,-0.269605
"Whittlesey",17800,52.55431,-0.122709
"Wisbech",10400,52.665054,0.158541
"Essex",19000,51.733253,0.473644
"Basildon",21100,51.575542,0.475986
"Billericay",20200,51.626232,0.41825
"Braintree",17000,51.878628,0.551876
"Brentwood",20600,51.61989,0.300316
"Brightlingsea",4400,51.81098,1.024488
"Burnham-on-Crouch",19800,51.62526,0.816575
"Canvey Island",12900,51.52223,0.586413
"Chelmsford",23600,51.734544,0.472454
"Chigwell",21900,51.618526,0.074776
"Chipping Ongar",23900,51.706394,0.245152
"Clacton-on-Sea",12900,51.788555,1.152714
"Coggeshall",16500,51.875168,0.685063
"Colchester",21700,51.888554,0.897737
"Corringham",17200,53.41315,-0.690921
"Epping",18900,51.69833,0.110583
"Frinton-on-Sea",6200,51.83245,1.245235
"Grays",20400,51.4779,0.325202
"Great Dunmow",11000,51.872795,0.362187
"Halstead",7800,51.943924,0.634008
"Harlow",17800,51.7702,0.094837
"Harwich",9400,51.944874,1.288418
"Loughton",26900,51.64958,0.057071
"Maldon",9200,51.731464,0.678441
"Manningtree",10400,51.94534,1.062093
"Rayleigh",16000,51.58556,0.604783
"Rochford",16400,51.582256,0.707169
"Saffron Walden",16500,52.02259,0.239089
"South Woodham Ferrers",9400,51.64453,0.618008
"Southend-on-Sea",20300,51.53775,0.712681
"Southminster",10400,51.662262,0.829962
"Stansted Mountfitchet",23200,51.903133,0.200019
"Tilbury",13100,51.461952,0.354163
"Waltham Abbey",23600,51.686848,-0.002653
"Walton-on-the-Naze",15900,51.848312,1.272413
"Wickford",20200,51.611378,0.52
"Witham",16100,51.799816,0.640188
"Wivenhoe",300,51.85584,0.959047
"Hertfordshire",22100,51.655445,-0.398881
"Baldock",10200,51.98966,-0.188691
"Berkhamsted",16300,51.760666,-0.565352
"Bishop's Stortford",26800,51.871277,0.158833
"Borehamwood",24300,51.65529,-0.276846
"Buntingford",19300,51.946754,-0.019087
"Bushey",15000,51.644203,-0.362462
"Cheshunt",13600,51.7021,-0.034511
"Chorleywood",13000,51.655052,-0.521155
"Harpenden",22200,51.81447,-0.354947
"Hatfield",21300,51.763466,-0.225825
"Hemel Hempstead",24100,51.751034,-0.472572
"Hertford",24600,51.79637,-0.07927
"Hitchin",20400,51.94771,-0.278073
"Hoddesdon",18600,51.760105,-0.011879
"Letchworth",25300,51.97715,-0.230199
"Potters Bar",22900,51.695114,-0.193591
"Radlett",16700,51.68434,-0.31761
"Rickmansworth",28600,51.639183,-0.469075
"Royston",18500,52.04792,-0.024275
"Sawbridgeworth",25100,51.812702,0.149153
"St Albans",27700,51.749296,-0.342253
"Stevenage",23600,51.901363,-0.202337
"Tring",20400,51.793575,-0.662243
"Waltham Cross",21800,51.68591,-0.033158
"Ware",17700,51.811478,-0.032455
"Watford",26200,51.655445,-0.398881
"Welwyn Garden City",20800,51.800735,-0.207455
"Norfolk",17600,52.62974,1.292963
"Attleborough",16300,52.51783,1.015935
"Aylsham",17900,52.794865,1.251805
"Caister-on-Sea",21100,52.65097,1.723922
"Cromer",15400,52.93129,1.298944
"Dereham",9700,52.68048,0.940632
"Diss",15400,52.377636,1.108117
"Downham Market",14600,52.601837,0.376669
"Fakenham",13600,52.8303,0.847667
"Gorleston-on-Sea",8900,52.577755,1.727222
"Great Yarmouth",20300,52.607765,1.727351
"Harleston",21000,52.402332,1.299561
"Hingham",68100,52.579784,0.983734
"Holt",16900,52.905846,1.090572
"Hunstanton",20800,52.939556,0.487418
"King's Lynn",17200,52.756268,0.400219
"North Walsham",17700,52.82135,1.385795
"Norwich",22800,52.628606,1.29227
"Sheringham",17000,52.942577,1.210533
"Swaffham",11400,52.647167,0.688323
"Thetford",18200,52.413567,0.750324
"Watton",5200,52.56998,0.824091
"Wymondham",15400,52.570526,1.111644
"Suffolk",16200,52.05716,1.15469
"Aldeburgh",2600,52.152058,1.601387
"Beccles",20700,52.4574,1.563805
"Brandon",32700,52.44768,0.623714
"Bungay",7800,52.456173,1.437192
"Bury St Edmunds",18300,52.245644,0.712346
"Clare",15400,52.078655,0.581632
"Eye",11000,52.609074,-0.189506
"Felixstowe",13700,51.963432,1.350368
"Hadleigh",8500,52.043755,0.953903
"Halesworth",16900,52.34312,1.502523
"Haverhill",17900,52.083885,0.437346
"Ipswich",21100,52.05716,1.15469
"Leiston",19700,52.20612,1.577585
"Lowestoft",19100,52.47387,1.750581
"Mildenhall",13000,52.346012,0.513856
"Needham Market",13800,52.151943,1.053633
"Newmarket",17600,52.244247,0.406469
"Saxmundham",16800,52.214935,1.49255
"Southwold",18900,52.327827,1.676506
"Stowmarket",14200,52.186966,0.997029
"Sudbury",15300,52.03827,0.730225
"Woodbridge",15000,52.092472,1.316293
"London",28900,51.5073,-0.127647
"City of London",54000,51.515385,-0.092053
"London",55900,51.5073,-0.127647
"London",19000,51.5073,-0.127647
"Acton",21700,51.50728,-0.27125
"Barking",13000,51.53796,0.079552
"Barnes",29900,51.47525,-0.239241
"Barnet",15200,51.654835,-0.20168
"Battersea",20600,51.470055,-0.171641
"Beckenham",24700,51.40767,-0.025447
"Bermondsey",19000,51.50127,-0.078071
"Bethnal Green",10200,51.527473,-0.05551
"Bexley",16200,51.44169,0.150491
"Bow",14300,51.52384,-0.022857
"Brentford",23200,51.48298,-0.308933
"Camberwell",15600,51.474045,-0.092977
"Camden Town",34200,51.541805,-0.13837
"Carshalton",6000,51.366253,-0.158064
"Catford",20400,51.446,-0.019503
"Chelsea",24000,51.4875,-0.168701
"Chingford",19500,51.631706,0.00481
"Chislehurst",11400,51.410988,0.077038
"Chiswick",27000,51.492702,-0.255311
"Clapham",16100,51.462177,-0.137361
"Coulsdon",14400,51.32004,-0.140704
"Crayford",29100,51.451614,0.178568
"Croydon",22700,51.372814,-0.100121
"Dagenham",14900,51.540215,0.148166
"Deptford",12100,51.476288,-0.025858
"East Ham",16700,51.54022,0.050773
"Edgware",20800,51.61272,-0.277039
"Edmonton",8600,51.62842,-0.053076
"Eltham",14600,51.450714,0.054137
"Enfield",18900,51.652264,-0.080729
"Erith",14100,51.480328,0.177676
"Feltham",23900,51.446087,-0.409944
"Finchley",23400,50.892826,0.55241
"Friern Barnet",200,51.612827,-0.158681
"Fulham",21800,51.480007,-0.198634
"Greenford",17000,51.527485,-0.35231
"Greenwich",12600,51.481247,-0.007855
"Hackney",5800,51.542862,-0.048378
"Hammersmith",18200,51.492245,-0.224829
"Hampstead",27500,51.55666,-0.178543
"Hampton",16200,51.4157,-0.369233
"Harrow",17200,51.5813,-0.333496
"Hayes",21100,51.50712,-0.418688
"Hendon",18300,51.588066,-0.221237
"Hornchurch",23100,51.561646,0.2207
"Hornsey",18500,51.58748,-0.119771
"Hounslow",16700,51.468834,-0.359332
"Ilford",22000,51.558674,0.070137
"Isleworth",18700,51.468517,-0.326299
"Islington",10300,51.538376,-0.099261
"Kensington",17200,51.499,-0.199123
"Kenton",13800,51.582523,-0.316156
"Kingston upon Thames",17400,51.41055,-0.305194
"Lewisham",8700,51.462723,-0.010153
"Leyton",16200,51.57075,-0.015995
"Merton",4700,51.41481,-0.187781
"Mitcham",18400,51.405457,-0.16412
"Morden",12700,51.401913,-0.194374
"New Malden",26200,51.401497,-0.256067
"Northolt",10900,51.546722,-0.369986
"Northwood",15000,51.605328,-0.419706
"Orpington",24800,51.376884,0.100033
"Paddington",23900,51.51596,-0.174932
"Penge",25800,51.415825,-0.053832
"Pinner",22200,51.59383,-0.38216
"Poplar",9100,51.511188,-0.013385
"Purley",13400,51.33856,-0.116876
"Putney",23700,51.463238,-0.215873
"Rainham",15800,51.518414,0.19014
"Richmond",20400,51.45954,-0.306069
"Romford",20700,51.57685,0.181935
"Ruislip",15700,51.574604,-0.42502
"Sidcup",30500,51.4251,0.105284
"Southall",17900,51.511215,-0.375591
"Southgate",13200,51.632477,-0.127536
"Southwark",12700,51.50132,-0.093229
"Stanmore",15600,51.617672,-0.311418
"Stepney",5800,51.52107,-0.05005
"Stoke Newington",8900,51.56196,-0.073649
"Stratford",23700,51.54106,0.00216
"Streatham",13400,51.429222,-0.131117
"Surbiton",24900,51.393265,-0.304436
"Teddington",19900,51.42683,-0.333922
"Tottenham",19700,51.594097,-0.06949
"Twickenham",24200,51.447044,-0.328371
"Upminster",14200,51.55621,0.249176
"Uxbridge",24500,51.54588,-0.47904
"Wallington",12500,51.358807,-0.143297
"Walthamstow",18000,51.586254,-0.019791
"Wandsworth",12800,51.457001,-0.193261
"Wanstead",13500,51.575684,0.028116
"Wembley",23300,51.55287,-0.295786
"West Drayton",19700,51.508656,-0.473646
"West Ham",4700,51.264114,-1.117767
"Westminster",13400,51.497494,-0.135632
"Willesden",12000,51.54751,-0.224634
"Wimbledon",23500,51.420746,-0.206003
"Wood Green",11100,51.596233,-0.109139
"Woodford",12000,50.393574,-4.07342
"Woolwich",21000,51.490658,0.068463
"Yiewsley",11600,51.51329,-0.472792
"North East",15300,50.794451,-0.610604
"Durham",14300,54.776415,-1.575854
"Annfield Plain",700,54.85782,-1.737676
"Barnard Castle",13200,54.542294,-1.923768
"Billingham",14600,54.607147,-1.290755
"Bishop Auckland",11600,54.665443,-1.674523
"Chester-le-Street",12400,54.857353,-1.573999
"Consett",11900,54.85321,-1.833326
"Crook",12000,54.714706,-1.746386
"Darlington",18600,54.52462,-1.555701
"Durham",20900,54.776415,-1.575854
"Ferryhill",13500,54.68935,-1.557113
"Hartlepool",14300,54.686028,-1.208283
"Newton Aycliffe",14400,54.618908,-1.571903
"Peterlee",7100,54.76216,-1.332649
"Seaham",9200,54.837013,-1.332289
"Sedgefield",23100,54.65352,-1.450798
"Shildon",8400,54.63394,-1.646625
"Spennymoor",10100,54.69943,-1.601942
"Stanley",15600,54.869514,-1.699449
"Stockton-on-Tees",17800,54.56426,-1.315143
"Willington",2800,52.85212,-1.563644
"Northumberland",10500,55.167538,-1.69073
"Alnwick",17000,55.413452,-1.707477
"Amble",13200,55.333595,-1.584306
"Ashington",9600,55.183407,-1.574457
"Bedlington",3100,55.131092,-1.595892
"Berwick-upon-Tweed",9700,55.7694,-2.002536
"Blyth",10100,55.12704,-1.509024
"Cramlington",11600,55.08667,-1.585545
"Haltwhistle",25400,54.970367,-2.460034
"Hexham",9400,54.97003,-2.100944
"Morpeth",8700,55.167538,-1.69073
"Ponteland",1600,55.050026,-1.742077
"Prudhoe",12000,54.961285,-1.850038
"Tyne and Wear",16800,54.971905,-1.612551
"Blaydon",11800,54.954983,-1.725682
"Gateshead",15500,54.962547,-1.602194
"Hebburn",11700,54.97259,-1.517163
"Hetton-le-Hole",2600,54.821747,-1.45229
"Houghton-le-Spring",10300,54.844044,-1.471619
"Jarrow",10300,54.98131,-1.490936
"Longbenton",6900,55.01507,-1.586047
"Newcastle upon Tyne",22800,54.973847,-1.613157
"Ryton",4100,54.97285,-1.763467
"South Shields",8800,54.99922,-1.429861
"Sunderland",17100,54.905851,-1.382873
"Tynemouth",2700,55.017876,-1.425516
"Wallsend",12800,54.9909,-1.534735
"Washington",12700,54.89871,-1.528168
"Whitburn",1900,55.866688,-3.684998
"Whitley Bay",10100,55.042244,-1.445025
"North West",20500,53.811783,-1.549059
"Cheshire",16700,52.037701,1.198842
"Alsager",19800,53.09607,-2.304681
"Bollington",15700,53.293537,-2.110174
"Chester",21300,53.190887,-2.890895
"Congleton",14500,53.163033,-2.21248
"Crewe",17200,53.097829,-2.445733
"Ellesmere Port",13200,53.27932,-2.900299
"Frodsham",11300,53.2962,-2.713208
"Knutsford",25600,53.30458,-2.37331
"Lymm",12900,53.381233,-2.477654
"Macclesfield",16000,53.258583,-2.126627
"Middlewich",15700,53.192993,-2.444763
"Nantwich",17200,53.06736,-2.52182
"Neston",12000,53.289932,-3.064435
"Northwich",16900,53.26109,-2.508303
"Poynton",1700,53.348553,-2.117585
"Runcorn",16900,53.34192,-2.733361
"Sandbach",8400,53.14441,-2.364752
"Warrington",20700,53.389088,-2.592407
"Widnes",14700,53.36908,-2.725469
"Wilmslow",22100,53.325962,-2.23157
"Winsford",18000,53.19172,-2.527835
"Cumbria",17600,54.849808,-2.703756
"Alston",20800,54.812553,-2.439931
"Ambleside",7500,54.431007,-2.962285
"Appleby-in-Westmorland",12500,54.577793,-2.491247
"Barrow-in-Furness",23400,54.11342,-3.225224
"Brampton",18700,54.943047,-2.734565
"Carlisle",21000,54.894848,-2.936231
"Cockermouth",9900,54.663708,-3.364499
"Dalton-in-Furness",18400,54.156376,-3.180036
"Egremont",18700,54.481045,-3.528707
"Grange-over-Sands",6000,54.19295,-2.909438
"Kendal",20400,54.328354,-2.745675
"Keswick",10300,54.60071,-3.136901
"Kirkby Lonsdale",19000,54.20194,-2.596972
"Longtown",1700,55.009388,-2.972563
"Maryport",20400,54.714436,-3.499503
"Penrith",14700,54.66407,-2.752319
"Sedbergh",29000,54.322784,-2.527959
"Ulverston",16900,54.19625,-3.095596
"Whitehaven",14900,54.54872,-3.589754
"Wigton",13300,54.824574,-3.16092
"Windermere",6900,54.37958,-2.906385
"Workington",15600,54.643536,-3.543
"Greater Manchester",24200,53.482517,-2.2357
"Altrincham",27100,53.387154,-2.350349
"Ashton-in-Makerfield",23300,53.48594,-2.642485
"Ashton-under-Lyne",12000,53.488995,-2.093042
"Atherton",15300,53.52453,-2.489957
"Bolton",21700,53.578987,-2.428225
"Bramhall",8100,53.368885,-2.159902
"Bury",18700,53.59312,-2.29631
"Chadderton",16800,53.545303,-2.13776
"Cheadle",21400,53.393784,-2.217596
"Cheadle Hulme",19300,53.371277,-2.192284
"Denton",18500,53.45546,-2.115415
"Droylsden",8300,53.47957,-2.149398
"Dukinfield",41700,53.479237,-2.093537
"Eccles",22000,53.483887,-2.33677
"Failsworth",15100,53.508633,-2.163
"Farnworth",15100,53.54788,-2.395894
"Gatley",10500,53.391865,-2.227758
"Golborne",17500,53.47535,-2.597693
"Hale",13800,53.37842,-2.343642
"Hazel Grove",4800,53.377304,-2.116351
"Heywood",14600,53.593452,-2.21663
"Hindley",1000,53.53314,-2.577518
"Horwich",18500,53.597176,-2.541907
"Hyde",19600,53.450283,-2.078735
"Ince-in-Makerfield",21000,53.53631,-2.618373
"Irlam",18000,53.448826,-2.422407
"Kearsley",9200,53.540672,-2.377835
"Lees",7300,53.538013,-2.072422
"Little Lever",7200,53.563107,-2.37315
"Littleborough",16700,53.643875,-2.096362
"Manchester",29500,53.479489,-2.245115
"Marple",9400,53.39332,-2.069844
"Middleton",9000,53.548565,-2.199015
"Milnrow",10200,53.608665,-2.108363
"Mossley",15600,53.51402,-2.035786
"Oldham",19400,53.54203,-2.112571
"Partington",13500,53.417694,-2.429953
"Radcliffe",10800,53.55908,-2.325614
"Ramsbottom",14900,53.648273,-2.316722
"Rochdale",16300,53.61667,-2.157971
"Romiley",11500,53.413353,-2.096731
"Royton",6300,53.56598,-2.123471
"Sale",15700,53.424866,-2.320329
"Salford",21400,53.487746,-2.289192
"Shaw",10000,53.5784,-2.095093
"Stalybridge",11700,53.483845,-2.05761
"Standish",16900,53.586487,-2.664081
"Stockport",21800,53.41013,-2.158088
"Stretford",20500,53.44504,-2.322455
"Swinton",15300,53.509155,-2.341632
"Tyldesley",12100,53.513996,-2.467257
"Urmston",11800,53.446304,-2.352767
"Walkden",13600,53.52367,-2.398683
"Westhoughton",10600,53.550335,-2.523223
"Whitefield",8500,53.553307,-2.297259
"Wigan",19200,53.54607,-2.631824
"Worsley",11300,53.49972,-2.378156
"Lancashire",18300,53.759697,-2.701376
"Accrington",17300,53.752964,-2.365044
"Adlington",15000,53.61577,-2.599642
"Bacup",11100,53.703354,-2.200965
"Bamber Bridge",10400,53.7291,-2.660829
"Barnoldswick",10900,53.916534,-2.188069
"Barrowford",4900,53.850693,-2.216529
"Blackburn",25800,53.748093,-2.48445
"Blackpool",21700,53.818691,-3.054795
"Brierfield",15000,53.82538,-2.234098
"Burnley",20700,53.789696,-2.245
"Carnforth",19600,54.12731,-2.769699
"Chorley",17800,53.65263,-2.630575
"Church",22900,53.754013,-2.38867
"Clayton-le-Moors",8600,53.77361,-2.390772
"Cleveleys",12000,53.878414,-3.0418
"Clitheroe",16000,53.872486,-2.391319
"Colne",19000,53.856995,-2.16963
"Darwen",14800,53.695076,-2.467289
"Fleetwood",12300,53.924618,-3.008669
"Freckleton",5000,53.75341,-2.87146
"Fulwood",8800,53.79108,-2.713468
"Garstang",16700,53.901867,-2.774987
"Great Harwood",10500,53.78604,-2.40799
"Haslingden",16900,53.704937,-2.325846
"Heysham",18700,54.04949,-2.892071
"Kirkham",11000,53.78248,-2.87128
"Lancaster",21600,54.048407,-2.799034
"Leyland",14700,53.690834,-2.697572
"Longridge",8300,53.82901,-2.60266
"Lytham St Anne's",10200,53.74933,-2.99837
"Morecambe",19800,54.072914,-2.866981
"Nelson",14800,53.83555,-2.21655
"Ormskirk",16100,53.56741,-2.886036
"Oswaldtwistle",16600,53.740414,-2.398302
"Poulton-le-Fylde",12300,53.846313,-2.992026
"Preston",22500,53.759336,-2.699272
"Rawtenstall",13700,53.70068,-2.287723
"Rishton",16900,53.76785,-2.418061
"Skelmersdale",15500,53.55118,-2.784219
"Thornton",8600,53.87532,-3.011905
"Merseyside",19000,53.403355,-2.978824
"Bebington",100,53.350414,-3.00565
"Birkenhead",18100,53.392708,-3.01783
"Bootle",10700,53.45323,-2.991049
"Crosby",6000,53.484184,-3.030198
"Formby",11400,53.555683,-3.065769
"Haydock",11900,53.4678,-2.660889
"Heswall",14500,53.328518,-3.099133
"Kirkby",13300,53.481483,-2.889575
"Litherland",9400,53.47121,-2.994984
"Liverpool",23200,53.407154,-2.991665
"Maghull",3700,53.517662,-2.942831
"Newton-le-Willows",15000,53.452057,-2.626276
"Prescot",11800,53.42881,-2.804981
"Southport",15300,53.64883,-3.004593
"St Helens",17100,53.453545,-2.739662
"Wallasey",8900,53.420616,-3.044311
"West Kirby",2900,53.37252,-3.18621
"South East",21400,54.763694,-1.309822
"Berkshire",24900,51.564013,0.643428
"Bracknell",21800,51.4167,-0.749504
"Crowthorne",15400,51.368877,-0.793067
"Eton",22600,51.48798,-0.609053
"Hungerford",17000,51.414593,-1.515615
"Maidenhead",28200,51.522823,-0.719956
"Newbury",21600,51.401257,-1.323592
"Reading",29000,51.455647,-0.972165
"Sandhurst",12300,51.344105,-0.777126
"Slough",25500,51.508324,-0.590996
"Thatcham",17700,51.403694,-1.257076
"Windsor",24000,51.482986,-0.608021
"Wokingham",20900,51.410286,-0.832809
"Woodley",5600,51.45288,-0.905737
"Buckinghamshire",21600,51.81684,-0.812757
"Amersham",20600,51.676987,-0.607458
"Aylesbury",22300,51.81684,-0.812757
"Beaconsfield",21300,51.607994,-0.656409
"Bletchley",17000,51.99417,-0.734266
"Buckingham",20100,52.001007,-0.986146
"Chesham",17200,51.70445,-0.614349
"Gerrards Cross",23000,51.588333,-0.553157
"High Wycombe",25600,51.629547,-0.751436
"Marlow",16000,51.57161,-0.776615
"Milton Keynes",27000,52.043182,-0.757416
"Newport Pagnell",15800,52.086823,-0.722244
"Olney",38900,52.15338,-0.701849
"Princes Risborough",20600,51.724422,-0.83069
"Wendover",10700,51.767864,-0.745162
"Winslow",12300,51.94425,-0.881453
"Woburn Sands",25000,52.012093,-0.647342
"East Sussex",18400,50.87445,0.011544
"Battle",11100,50.91729,0.48388
"Bexhill",18400,50.839863,0.47363
"Brighton and Hove",22800,50.821026,-0.140374
"Crowborough",15800,51.060574,0.16173
"Eastbourne",15600,50.769048,0.281397
"Hailsham",12400,50.862514,0.260222
"Hastings",15800,50.857094,0.585109
"Heathfield",20900,50.971367,0.250732
"Lewes",19100,50.873123,0.010435
"Newhaven",13600,50.795147,0.048398
"Peacehaven",17300,50.7909,0.00231
"Polegate",7400,50.82181,0.24422
"Portslade-by-Sea",13400,50.8431,-0.220289
"Rye",15300,50.951607,0.731979
"Seaford",29000,50.77279,0.100669
"Uckfield",18400,50.971394,0.096499
"Wadhurst",21600,51.06157,0.340843
"Hampshire",20900,51.063354,-1.316242
"Aldershot",21700,51.24852,-0.765111
"Alton",14600,51.148518,-0.977537
"Andover",12900,51.20755,-1.47931
"Basingstoke",26600,51.262432,-1.0867
"Bishop's Waltham",19100,50.95473,-1.212968
"Blackwater",8100,51.331154,-0.777524
"Bordon",13800,51.113,-0.866696
"Eastleigh",19800,50.9694,-1.353351
"Emsworth",9600,50.845924,-0.935344
"Fareham",21900,50.852486,-1.177615
"Farnborough",24800,51.292057,-0.756184
"Fleet",26500,51.27828,-0.845605
"Fordingbridge",21000,50.92864,-1.788506
"Gosport",17700,50.794296,-1.120836
"Havant",18400,50.852314,-0.981384
"Hedge End",17900,50.914944,-1.308068
"Horndean",4500,50.91368,-0.996277
"Lymington",19800,50.758022,-1.543216
"New Milton",11700,50.753094,-1.655095
"Petersfield",26900,51.00362,-0.937271
"Portsmouth",24400,50.803683,-1.075614
"Ringwood",15400,50.846027,-1.791086
"Romsey",17000,50.988964,-1.499863
"Southampton",22700,50.902535,-1.404189
"Tadley",16900,51.352734,-1.13976
"Totton",13900,50.91892,-1.48959
"Whitchurch",28500,52.96834,-2.683692
"Wickham",400,50.90014,-1.187081
"Winchester",24400,51.061277,-1.313169
"Yateley",25000,51.34163,-0.821203
"Isle of Wight",18200,50.699177,-1.295214
"Cowes",26400,50.762085,-1.298129
"East Cowes",0,50.75834,-1.289406
"Newport",18200,51.588233,-2.997497
"Ryde",29200,50.73102,-1.163746
"Sandown",12500,50.6551,-1.1541
"Shanklin",11900,50.629257,-1.178856
"Kent",21400,51.275127,0.522622
"Ashford",20400,51.1493,0.8718
"Broadstairs",15400,51.359283,1.442821
"Canterbury",26100,51.280027,1.080253
"Chatham",25000,51.382347,0.52295
"Deal",12200,51.223164,1.402762
"Dover",17200,51.126404,1.309957
"Edenbridge",22400,51.196507,0.065036
"Faversham",22200,51.315098,0.89291
"Folkestone",19200,51.07994,1.180924
"Gillingham",21200,51.387974,0.546546
"Gravesend",19800,51.44252,0.369403
"Herne Bay",11200,51.371975,1.130656
"Hythe",9600,51.070457,1.083296
"Lydd",20500,50.952034,0.906365
"Maidstone",29500,51.275127,0.522622
"Margate",18100,51.389496,1.381814
"Minster",15500,51.421803,0.811041
"New Romney",4200,50.98582,0.940224
"Northfleet",22000,51.442265,0.337155
"Paddock Wood",19400,51.181496,0.389235
"Queenborough",16800,51.41698,0.741197
"Ramsgate",13000,51.333523,1.419644
"Rochester",23400,51.39018,0.504841
"Royal Tunbridge Wells",24100,51.134514,0.263755
"Sandwich",13900,51.27483,1.339242
"Sevenoaks",26400,51.270943,0.191575
"Sheerness",9500,51.439915,0.762301
"Sittingbourne",20600,51.34014,0.735184
"Snodland",21800,51.3301,0.442495
"Southborough",16700,51.159035,0.258695
"Swanley",23600,51.395123,0.177996
"Swanscombe",8000,51.446987,0.310342
"Tenterden",9000,51.068115,0.686937
"Tonbridge",23100,51.18959,0.27336
"West Malling",27500,51.294716,0.408821
"Westerham",23800,51.267056,0.071823
"Whitstable",17400,51.36214,1.025935
"Oxfordshire",20200,51.75355,-1.258646
"Abingdon-on-Thames",20600,51.670166,-1.281304
"Banbury",22500,52.06237,-1.33612
"Bicester",17500,51.89825,-1.151233
"Burford",20500,51.807655,-1.636684
"Carterton",8600,51.759216,-1.594342
"Charlbury",13400,51.872673,-1.482362
"Chipping Norton",21700,51.941284,-1.545803
"Didcot",18500,51.60722,-1.239976
"Faringdon",17700,51.658085,-1.58448
"Henley-on-Thames",20400,51.537567,-0.904607
"Kidlington",13800,51.823513,-1.288366
"Oxford",25000,51.75355,-1.258646
"Thame",26300,51.747524,-0.97802
"Wallingford",20100,51.600277,-1.124396
"Wantage",20200,51.588734,-1.427619
"Watlington",19900,51.64501,-1.004382
"Witney",22800,51.783737,-1.48547
"Woodstock",17700,54.59119,-5.903047
"Surrey",21900,51.23765,-0.205921
"Addlestone",17500,51.37166,-0.487439
"Ashford",38200,51.1493,0.8718
"Banstead",15000,51.323475,-0.198196
"Camberley",23700,51.338093,-0.74641
"Caterham",23300,51.282276,-0.077286
"Chertsey",22700,51.39187,-0.502813
"Dorking",18400,51.231606,-0.332718
"Egham",22800,51.431915,-0.54513
"Epsom",26000,51.33334,-0.26702
"Esher",19700,51.369415,-0.365669
"Farnham",22800,51.215595,-0.79752
"Frimley",23900,51.314396,-0.735161
"Godalming",16100,51.185978,-0.612041
"Guildford",27700,51.236755,-0.573226
"Haslemere",7900,51.088272,-0.709146
"Horley",14300,51.17172,-0.163612
"Leatherhead",21300,51.295628,-0.327773
"Oxted",15600,51.258022,-0.003749
"Redhill",21700,51.240147,-0.166987
"Reigate",25200,51.23765,-0.205921
"Staines-upon-Thames",24400,51.433548,-0.51282
"Sunbury",25600,52.03827,0.730225
"Walton-on-Thames",22100,51.386658,-0.419302
"Warlingham",9800,51.309406,-0.056124
"Weybridge",22800,51.3725,-0.458754
"Woking",23400,51.319984,-0.558604
"West Sussex",19800,50.836395,-0.777712
"Arundel",10300,50.854576,-0.554132
"Bognor Regis",11500,50.783493,-0.672629
"Burgess Hill",16300,50.954895,-0.131001
"Chichester",20500,50.836486,-0.779172
"Crawley",26000,51.11604,-0.190115
"Cuckfield",0,51.00769,-0.13884
"East Grinstead",17600,51.12607,-0.009536
"Haywards Heath",18900,51.000088,-0.10617
"Horsham",22400,51.062103,-0.328071
"Littlehampton",9900,50.80938,-0.540849
"Midhurst",21600,50.985504,-0.740005
"Petworth",22200,50.986126,-0.608514
"Selsey",10100,50.734357,-0.789774
"Shoreham-by-Sea",17200,50.8317,-0.274606
"Southwick",900,50.83444,-0.237807
"Steyning",7800,50.887928,-0.328048
"Worthing",15500,50.81157,-0.370211
"South West",19400,51.400965,-0.268391
"Bristol",26300,51.453802,-2.597298
"Bristol",27800,51.453802,-2.597298
"Cornwall",14200,50.26337,-5.052056
"Bodmin",15300,50.47128,-4.717573
"Bude",5200,50.828663,-4.544695
"Callington",21600,50.50313,-4.315786
"Camborne",12800,50.213654,-5.300795
"Camelford",24000,50.62293,-4.678883
"Falmouth",18900,50.15541,-5.071901
"Fowey",2300,50.335373,-4.634998
"Hayle",11800,50.190784,-5.412611
"Helston",14600,50.10103,-5.274115
"Launceston",12700,50.636528,-4.360932
"Liskeard",17500,50.45374,-4.465128
"Looe",21000,50.352657,-4.452957
"Newquay",14600,50.413376,-5.086547
"Padstow",12400,50.541523,-4.938839
"Penryn",20600,50.16837,-5.104045
"Penzance",14600,50.11891,-5.537729
"Redruth",19400,50.233494,-5.227606
"Saltash",14900,50.409134,-4.210343
"St Austell",14500,50.338375,-4.795187
"Torpoint",16100,50.37561,-4.196041
"Truro",19400,50.263079,-5.052083
"Wadebridge",19600,50.516445,-4.837154
"Devon",17300,50.723244,-3.529873
"Ashburton",18800,50.51545,-3.756061
"Axminster",18400,50.782352,-2.998088
"Barnstaple",21000,51.079872,-4.06047
"Bideford",11800,51.01865,-4.205995
"Bovey Tracey",6100,50.59247,-3.675354
"Brixham",3200,50.396366,-3.513404
"Buckfastleigh",2400,50.48132,-3.778897
"Budleigh Salterton",12600,50.629696,-3.328235
"Colyton",18100,50.74004,-3.070014
"Crediton",19200,50.78924,-3.652303
"Cullompton",14700,50.859013,-3.39207
"Dartmouth",13900,50.351643,-3.577333
"Dawlish",7200,50.580673,-3.466378
"Exeter",21700,50.725562,-3.526911
"Exmouth",6000,50.61919,-3.412986
"Higher Dunstone",11100,51.018389,-4.208839
"Holsworthy",29700,50.809444,-4.352712
"Honiton",14900,50.799313,-3.190229
"Ilfracombe",16400,51.207886,-4.124485
"Ivybridge",15600,50.388943,-3.920626
"Kingsbridge",13900,50.283348,-3.776704
"Moretonhampstead",2900,50.66107,-3.765073
"Newton Abbot",12900,50.53061,-3.610747
"North Tawton",10900,50.738964,-4.003431
"Northam",22000,50.911663,-1.388146
"Okehampton",21700,50.799824,-3.89786
"Paignton",11900,50.435192,-3.565152
"Plymouth",21700,50.371266,-4.142566
"Plympton",16400,50.902008,-0.06187
"Plymstock",4500,50.359535,-4.092321
"Salcombe",17800,50.238533,-3.768755
"Seaton",15500,50.704575,-3.070699
"Sidmouth",16800,50.678448,-3.237351
"South Molton",7800,51.017727,-3.834905
"Tavistock",14400,50.54955,-4.144372
"Teignmouth",9000,50.545876,-3.494761
"Tiverton",23700,50.90258,-3.487503
"Topsham",8300,50.68497,-3.466731
"Torquay",14300,50.460953,-3.523811
"Totnes",12800,50.431374,-3.6865
"Dorset",16800,50.71316,-2.437106
"Beaminster",20700,50.80916,-2.739136
"Blandford Forum",12200,50.856045,-2.165572
"Bournemouth",23200,50.720127,-1.87989
"Bridport",13600,50.733624,-2.758329
"Chickerell",6200,50.624386,-2.502893
"Dorchester",13700,50.7149,-2.436868
"Ferndown",14100,50.80069,-1.891073
"Gillingham",11200,51.387974,0.546546
"Lyme Regis",17900,50.724586,-2.933381
"Poole",19800,50.714058,-1.986181
"Shaftesbury",20500,54.589275,-5.936388
"Sherborne",9300,50.94705,-2.515575
"Sturminster Newton",14400,50.926743,-2.305156
"Swanage",19300,50.60926,-1.95649
"Verwood",12900,50.881863,-1.879168
"Wareham",15700,50.685966,-2.10987
"Weymouth",13500,50.609913,-2.454648
"Wimborne Minster",16200,50.80013,-1.9883
"Gloucestershire",19200,51.865353,-2.245819
"Cheltenham",23400,51.900513,-2.073932
"Chipping Campden",31200,52.05079,-1.780318
"Chipping Sodbury",9400,51.538235,-2.392753
"Cinderford",21500,51.8248,-2.499522
"Cirencester",21700,51.716988,-1.968385
"Coleford",22300,51.793884,-2.616249
"Dursley",8800,51.68139,-2.353796
"Fairford",23700,51.707466,-1.781291
"Filton",13100,51.511757,-2.571627
"Gloucester",22600,51.865371,-2.245819
"Lechlade-on-Thames",23300,51.694084,-1.692167
"Lydney",23400,51.727455,-2.527873
"Mitcheldean",14600,51.864616,-2.489456
"Moreton-in-Marsh",18700,51.989983,-1.703203
"Nailsworth",24700,51.69558,-2.217947
"Newent",16000,51.93062,-2.405853
"Stonehouse",20300,51.745934,-2.282443
"Stow-on-the-Wold",16600,51.93026,-1.72476
"Stroud",21200,51.745293,-2.216027
"Tetbury",15300,51.63695,-2.159441
"Tewkesbury",18300,51.992477,-2.157589
"Thornbury",5700,51.60766,-2.524514
"Wotton-under-Edge",21600,51.638016,-2.353853
"Yate",13900,51.540424,-2.413394
"Somerset",16300,51.014896,-3.102856
"Axbridge",15200,51.288452,-2.817649
"Bath",22400,51.381386,-2.359696
"Bridgwater",17800,51.12848,-3.003065
"Bruton",18500,51.112614,-2.453399
"Burnham-on-Sea",5000,51.237026,-2.995508
"Castle Cary",8000,51.08802,-2.515163
"Chard",17900,50.872845,-2.96424
"Clevedon",19400,51.436344,-2.852219
"Crewkerne",17400,50.885075,-2.795257
"Frome",16800,51.230984,-2.321756
"Glastonbury",20700,51.14743,-2.718235
"Ilminster",10800,50.927753,-2.90923
"Keynsham",22600,51.415607,-2.501336
"Langport",14000,51.036713,-2.82874
"Midsomer Norton",9800,51.28672,-2.480507
"Minehead",17100,51.2056,-3.478942
"Nailsea",9500,51.43283,-2.762771
"North Petherton",13700,51.0924,-3.015856
"Portishead",26100,51.480465,-2.77643
"Radstock",13300,51.292686,-2.447804
"Shepton Mallet",12300,51.18983,-2.547337
"Somerton",10700,51.054142,-2.727682
"South Petherton",4300,50.948814,-2.809132
"Street",7900,51.126858,-2.741426
"Taunton",19700,51.014896,-3.102856
"Wellington",14000,50.97856,-3.227461
"Wells",13800,51.209451,-2.64512
"Weston-Super-Mare",19700,51.3476,-2.978688
"Wincanton",15900,51.056087,-2.411299
"Yeovil",16300,50.941433,-2.63119
"Wiltshire",19600,51.318718,-2.20183
"Amesbury",9100,51.172035,-1.774582
"Bradford-on-Avon",15700,51.34746,-2.250584
"Calne",7900,51.437943,-2.005108
"Chippenham",24300,51.45829,-2.114963
"Corsham",15200,51.43184,-2.185559
"Cricklade",18800,51.641228,-1.856253
"Devizes",15500,51.352882,-1.992861
"Malmesbury",18000,51.583797,-2.098021
"Marlborough",12000,51.4212,-1.730229
"Melksham",12800,51.37355,-2.137909
"Mere",14200,51.09034,-2.268484
"Royal Wootton Bassett",19000,51.54394,-1.898341
"Salisbury",18600,51.069061,-1.795413
"Swindon",23700,51.559284,-1.782255
"Tidworth",26600,51.24544,-1.665147
"Trowbridge",19000,51.320778,-2.20743
"Warminster",16500,51.20489,-2.181204
"Westbury",25200,51.262863,-2.183189
"Wilton",2500,51.079502,-1.861264
"West Midlands",17100,52.47935,-1.901027
"Herefordshire",16600,52.056477,-2.715034
"Bromyard",8800,52.189907,-2.508136
"Hereford",21500,52.055381,-2.715173
"Kington",7300,52.20379,-3.028932
"Ledbury",14000,52.037228,-2.423046
"Leominster",24100,52.22605,-2.738975
"Ross-on-Wye",17400,51.914055,-2.583821
"Shropshire",16500,52.70726,-2.754795
"Bridgnorth",19400,52.53473,-2.419471
"Church Stretton",10000,52.53902,-2.807709
"Craven Arms",13500,52.440174,-2.83558
"Ellesmere",13800,52.907604,-2.895199
"Ludlow",31200,52.367847,-2.718963
"Market Drayton",17800,52.904312,-2.483952
"Oswestry",11400,52.859825,-3.05372
"Shrewsbury",17300,52.70726,-2.754795
"Telford",23700,52.677814,-2.450959
"Wem",14600,52.855335,-2.725463
"Whitchurch",9200,52.96834,-2.683692
"Staffordshire",17300,52.806293,-2.117623
"Biddulph",5400,53.11562,-2.173597
"Burntwood",19300,52.679146,-1.915487
"Burton upon Trent",19700,52.80316,-1.631388
"Cannock",25000,52.68896,-2.030976
"Eccleshall",12400,52.858757,-2.251402
"Fazeley",4600,52.61476,-1.698898
"Kidsgrove",15400,53.087494,-2.239909
"Leek",15800,53.105835,-2.025359
"Lichfield",25700,52.68437,-1.827529
"Madeley",11100,52.999912,-2.339284
"Newcastle-under-Lyme",16500,53.011055,-2.227047
"Penkridge",14200,52.72461,-2.11219
"Rugeley",13200,52.760406,-1.935491
"Stafford",19700,52.806293,-2.117623
"Stoke-on-Trent",18200,53.016201,-2.181261
"Stone",17900,52.903214,-2.148319
"Tamworth",19000,52.633137,-1.69499
"Uttoxeter",19600,52.898415,-1.864884
"Warwickshire",16500,52.290363,-1.535539
"Alcester",12000,52.21513,-1.869422
"Atherstone",11300,52.577522,-1.547372
"Bedworth",6200,52.47944,-1.472248
"Coleshill",17900,52.499043,-1.70684
"Henley-In-Arden",23600,52.293785,-1.779423
"Kenilworth",12800,52.342068,-1.578531
"Nuneaton",20500,52.523277,-1.46712
"Royal Leamington Spa",21200,52.290363,-1.535539
"Rugby",19400,52.373035,-1.262117
"Shipston-on-Stour",15200,52.062645,-1.623766
"Southam",25000,52.25292,-1.387938
"Stratford-upon-Avon",25300,52.193157,-1.707142
"Warwick",19600,52.281216,-1.587552
"Whitnash",9700,52.265472,-1.525411
"West Midlands",35400,52.47935,-1.901027
"Worcestershire",18500,52.19374,-2.221415
"Bewdley",15600,52.375706,-2.315398
"Bromsgrove",24200,52.33437,-2.061383
"Droitwich Spa",16100,52.268444,-2.148279
"Evesham",15000,52.092632,-1.947421
"Great Malvern",13900,52.111782,-2.330045
"Kidderminster",19600,52.38794,-2.24894
"Pershore",16400,52.111664,-2.075716
"Redditch",18500,52.30677,-1.939967
"Stourport-on-Severn",14400,52.33928,-2.280634
"Tenbury Wells",17600,52.311234,-2.593643
"Worcester",23200,52.191185,-2.220658
"Yorkshire and the Humber",19300,52.730736,-2.439767
"East Riding of Yorkshire",15700,54.081917,-0.191876
"Beverley",18700,53.842052,-0.431088
"Bridlington",9500,54.081917,-0.191876
"Cottingham",2800,53.78214,-0.413771
"Driffield",15500,54.005703,-0.440091
"Goole",21800,53.703865,-0.872437
"Hedon",29000,53.740704,-0.202006
"Hessle",22200,53.723194,-0.436394
"Hornsea",15200,53.911037,-0.174755
"Howden",12000,53.747517,-0.863345
"Hull",19600,53.7436,-0.339476
"Market Weighton",20700,53.864838,-0.667746
"Pocklington",14700,53.931305,-0.777708
"Withernsea",14500,53.73115,0.031809
"North Yorkshire",17200,53.993736,-1.543094
"Bedale",21700,54.289356,-1.593018
"Boroughbridge",13800,54.094135,-1.394387
"Filey",9900,54.20938,-0.288036
"Guisborough",9300,54.535824,-1.051044
"Harrogate",21100,53.993736,-1.543094
"Helmsley",10400,54.245544,-1.060487
"Knaresborough",23400,54.007942,-1.465589
"Leyburn",9400,54.309826,-1.830695
"Malton",24800,54.13447,-0.797886
"Masham",18600,54.22203,-1.6567
"Middlesbrough",18200,54.573,-1.237752
"Northallerton",16900,54.340652,-1.434719
"Pickering",16400,54.244865,-0.778183
"Redcar",16100,54.61857,-1.06869
"Richmond",24000,51.45954,-0.306069
"Ripon",15300,54.136879,-1.521319
"Saltburn-by-the-Sea",300,54.583992,-0.973121
"Scarborough",13100,54.282314,-0.400486
"Selby",17900,53.783596,-1.06744
"Settle",13500,54.068436,-2.277156
"Skipton",17300,53.960815,-2.016893
"Tadcaster",21400,53.88393,-1.261483
"Thirsk",17800,54.232788,-1.341784
"Thornaby-on-Tees",14600,54.540268,-1.2931
"Whitby",17000,54.48759,-0.614265
"Yarm",7200,54.509132,-1.354389
"York",22400,53.959526,-1.081793
"South Yorkshire",19400,53.380676,-1.470373
"Barnsley",20100,53.55258,-1.481419
"Bentley",18800,53.550453,-1.144653
"Bolton Upon Dearne",11900,53.518707,-1.314439
"Dinnington",6800,53.368706,-1.204759
"Doncaster",17500,53.52273,-1.132309
"Maltby",5200,53.423523,-1.196937
"Mexborough",17000,53.49284,-1.285659
"Penistone",13300,53.525673,-1.63023
"Rotherham",20200,53.430706,-1.354767
"Sheffield",22900,53.380663,-1.470228
"Stocksbridge",21900,53.481747,-1.589883
"Thorne",22000,53.61118,-0.962579
"Wath upon Dearne",9700,53.502426,-1.345078
"Wombwell",23500,53.52129,-1.40206
"West Yorkshire",22000,53.796146,-1.540784
"Baildon",12100,53.853264,-1.7661
"Batley",14900,53.71417,-1.632841
"Bingley",17100,53.848015,-1.838124
"Bradford",21600,53.794423,-1.751919
"Brighouse",18100,53.701508,-1.779185
"Castleford",24000,53.72658,-1.351467
"Cleckheaton",14700,53.723164,-1.711794
"Dewsbury",12700,53.69196,-1.628098
"Elland",17100,53.686493,-1.838223
"Garforth",22200,53.790367,-1.391382
"Guiseley",15700,53.87466,-1.707567
"Halifax",18500,53.722828,-1.860151
"Hebden Bridge",7700,53.74099,-2.013328
"Heckmondwike",3900,53.70713,-1.674383
"Hemsworth",7300,53.61313,-1.359327
"Holmfirth",11000,53.570244,-1.787622
"Horsforth",17800,53.839073,-1.638992
"Huddersfield",20200,53.6464,-1.78202
"Ilkley",15600,53.924196,-1.821295
"Keighley",19500,53.867474,-1.90963
"Knottingley",18100,53.707085,-1.237143
"Leeds",28400,53.797418,-1.543794
"Liversedge",9700,53.714252,-1.69252
"Mirfield",17300,53.67401,-1.692811
"Morley",16500,53.7444,-1.600379
"Normanton",12800,53.69917,-1.419966
"Ossett",13900,53.679344,-1.579749
"Otley",20000,53.905716,-1.69214
"Pontefract",16700,53.69101,-1.311771
"Pudsey",15200,53.796635,-1.662932
"Rothwell",13700,53.749508,-1.479136
"Shipley",20100,53.8349,-1.777699
"Silsden",16700,53.912914,-1.937657
"South Elmsall",8700,53.597782,-1.280781
"South Kirkby",7800,53.591305,-1.324556
"Sowerby Bridge",25700,53.709522,-1.907358
"Todmorden",10300,53.71367,-2.097799
"Wakefield",19100,53.682954,-1.496729
"Wetherby",20200,53.92892,-1.387594
"Yeadon",19200,53.864536,-1.68499