id,incode,latitude,longitude,nearestStations/0/name,outcode,Town
157009427.0,1JJ,0.16193,51.8882,Bishop's Stortford Station,CM23,Bishops Stortford
160050881.0,9HH,-0.000814,51.608274,Highams Park Station,E4,Chingford
148257770.0,1SY,0.589589,51.944079,Braintree Station,CO9,Colchester
152647244.0,1HX,-0.1393,54.126626,Bempton Station,YO15,York
161418242.0,7AA,-0.725575,51.523582,Maidenhead Station,SL6,Slough
157860398.0,6RL,-3.69924,51.52752,Pyle Station,CF33,Cardiff
158642681.0,1LY,-0.719632,51.521667,Maidenhead Station,SL6,Slough
158059670.0,4AL,-0.46184,51.865299,Luton Station,LU1,Luton
150873431.0,6AG,-2.007292,53.4383,Broadbottom Station,SK14,Stockport
159199277.0,8LD,-0.325335,51.685512,Radlett Station,WD7,Watford
89197096.0,3QD,1.73532,52.57759,Great Yarmouth Station,NR30,Norwich
155525507.0,2BH,-0.785422,52.177947,Northampton Station,NN7,Northampton
161972279.0,7LE,-0.049866,52.97005,Boston Station,PE21,Peterborough
159271415.0,8LD,-0.325336,51.685512,Radlett Station,WD7,Watford
158572124.0,4QQ,-0.048358,53.783457,Hull Station,HU11,Hull
160535864.0,2PU,-2.950595,50.840424,Axminster Station,TA20,Taunton
161912864.0,0HT,-1.579478,52.626534,Polesworth Station,B79,Birmingham
149096447.0,2EN,0.595194,51.140762,Headcorn Station,TN17,Tunbridge Wells
162722393.0,9YL,-2.68822,51.50557,Avonmouth Station,BS11,Bristol
161593793.0,1TX,-3.586991,55.094576,Dumfries Station,DG1,Dumfries
89196988.0,7RA,1.71298,52.55581,Great Yarmouth Station,NR31,Norwich
146729525.0,8ED,-4.69884,55.386222,Maybole Station,KA19,Kilmarnock
158859107.0,4JG,-0.20552,53.09646,Ruskington Station,LN4,Lincoln
161090003.0,1EX,-1.31768,51.00683,Shawford Station,SO21,Southampton
160071275.0,5PH,-1.092727,50.676699,Brading Station,PO35,Portsmouth
157562906.0,6YJ,0.293323,51.491041,Chafford Hundred Station,RM16,Romford
162653801.0,5AE,0.34954,52.328414,Soham Station,CB7,Cambridge
159231152.0,4SX,0.153341,51.847812,Bishop's Stortford Station,CM23,Chelmsford
151945025.0,2RN,-2.373971,50.961109,Templecombe Station,DT10,Dorchester
158763290.0,7DB,-2.993737,53.415955,Moorfields Station,L3,Liverpool
158214659.0,0BP,-1.524977,55.069305,Shiremoor Metro Station,NE25,Newcastle upon Tyne
158334803.0,8TX,-0.7124,53.60339,Althorpe Station,DN15,Doncaster
161852555.0,9PJ,-0.36817,51.866425,Luton Parkway Station,LU2,Luton
155789630.0,7DJ,-0.558582,53.227581,Lincoln Central Station,LN6,Lincoln
157590053.0,6HE,-5.106874,50.076363,Penmere Station,TR12,Truro
159883715.0,0RL,0.366196,52.181274,Dullingham Station,CB8,Cambridge
153772166.0,0RU,0.561921,51.168262,Staplehurst Station,TN12,Tunbridge Wells
146986460.0,8ET,-1.544662,52.762257,Burton-on-Trent Station,DE11,Derby
159210767.0,3LL,-0.37127,51.46696,Hounslow Central Station,TW3,Twickenham
149608058.0,1DR,-1.333471,52.131223,Banbury Station,OX17,Oxford
161267342.0,6DD,-0.154373,51.513307,Bond Street Station,W1K,London
142533407.0,3TP,-2.75625,53.4462,Thatto Heath Station,WA10,Warrington
150564119.0,4US,-1.13968,52.58236,South Wigston Station,LE18,Leicester
161723132.0,6RA,0.471445,51.882493,Braintree Station,CM77,Chelmsford
130296224.0,7BB,-1.924085,52.560188,Tame Bridge Parkway Station,B43,Birmingham
87146241.0,9HE,-0.055362,51.533802,Cambridge Heath Station,E2,London
153770444.0,3LY,-3.56318,55.17936,Dumfries Station,DG1,Dumfries
147696683.0,0NJ,-0.45,51.35,Weybridge Station,KT13,Kingston upon Thames
158104499.0,4RS,-1.120187,54.579466,Redcar Central Station,TS10,Cleveland
161808074.0,3JS,0.6616,51.77964,Witham Station,CM8,Chelmsford
159507407.0,5BT,-0.175457,51.551404,Finchley Road & Frognal Station,NW3,London
152115506.0,5SB,1.34563,52.353836,Halesworth Station,IP21,Ipswich
152288849.0,6BL,-0.144,52.77456,Spalding Station,PE12,Peterborough
161794721.0,1NY,-0.1705,51.518457,Paddington Station,W2,London
161667770.0,4LL,-1.242814,54.677178,Hartlepool Station,TS25,Cleveland
161819246.0,7NT,-1.250101,51.239449,Whitchurch (Hants.) Station,RG28,Reading
149352953.0,6BF,-2.273331,53.789335,Rose Grove Station,BB12,Blackburn
161401148.0,6PF,0.276378,51.890974,Stansted Airport Station,CM22,Chelmsford
161095727.0,0AJ,0.093569,52.813171,Spalding Station,PE12,Peterborough
162032660.0,2AY,-0.653113,53.033457,Ancaster Station,NG32,Nottingham
142578797.0,0JY,-0.465403,52.131318,Bedford St. Johns Station,MK42,Milton Keynes
142842623.0,9LT,1.139482,51.831619,Thorpe-le-Soken Station,CO16,Colchester
161000945.0,9PH,-0.652949,51.391288,Sunningdale Station,SL5,Slough
160977257.0,9PH,-0.659639,51.390819,Sunningdale Station,SL5,Slough
160272221.0,0NE,-0.335148,51.383722,Thames Ditton Station,KT7,Kingston upon Thames
67523325.0,0BN,-0.168214,51.582588,East Finchley Station,N2,London
147016628.0,9SJ,-3.526795,50.677926,Exeter St. Thomas Station,EX2,Exeter
135107393.0,7RE,-1.535824,53.799371,Leeds Station,LS2,Leeds
161403437.0,9PJ,-0.36817,51.866425,Luton Parkway Station,LU2,Luton
159181835.0,6TH,-0.084051,51.717069,Cuffley Station,EN7,Enfield
159307559.0,8DZ,-0.16072,53.59939,Healing Station,DN41,Doncaster
160989686.0,0PT,-3.000314,52.004405,Hereford Station,HR2,Hereford
157600802.0,1AQ,-0.690848,52.872509,Grantham Station,NG32,Nottingham
160164755.0,4LQ,1.22499,51.22656,Aylesham Station,CT15,Canterbury
160526789.0,2LP,0.01432,50.87436,Lewes Station,BN7,Brighton
153782108.0,4SQ,-4.12726,54.80962,Workington Station,DG6,Dumfries
157766549.0,8NR,-0.358274,50.958033,Billingshurst Station,RH13,Redhill
148550588.0,9AQ,-2.040661,53.515223,Mossley Station,OL5,
162768590.0,7EA,-3.60572,52.66959,Machynlleth Station,SY19,Shrewsbury
157454924.0,9GY,-2.721099,51.155694,Castle Cary Station,BA6,Bath
158150183.0,6RQ,-0.224721,51.518146,White City Station,W10,London
154072721.0,1LG,-1.086106,53.943521,York Station,YO23,York
157096067.0,0DE,-0.271863,51.559329,Wembley Park Station,HA9,Harrow
161686835.0,7AE,-0.2353,51.5741,Hendon Station,NW9,London
159320780.0,5AS,-1.08981,52.9371,Nottingham Station,NG2,Nottingham
161822822.0,2SH,-2.23141,52.39422,Kidderminster Station,DY10,Dudley
159182504.0,7RL,-3.91377,50.888191,Eggesford Station,EX18,Exeter
144223895.0,5PX,0.08507,51.61181,Grange Hill Station,IG7,Ilford
160828427.0,7UU,-3.653648,50.401695,Totnes Station,TQ9,Torquay
149586962.0,3AZ,-2.668869,51.251138,Yatton Station,BA5,Bath
157861922.0,1SJ,-0.33445,51.5849,Harrow-on-the-Hill Station,HA1,Harrow
162009386.0,3BN,-0.063842,52.3664,Huntingdon Station,PE28,Peterborough
152082770.0,0JR,-0.44984,51.35462,Weybridge Station,KT13,Kingston upon Thames
152224862.0,0JN,-0.450121,51.355139,Weybridge Station,KT13,Kingston upon Thames
160220015.0,0TU,-3.848773,50.369284,Ivybridge Station,PL21,Plymouth
158591345.0,4BL,-1.462498,53.927108,Pannal Station,LS22,Leeds
151715546.0,6QX,0.07771,51.61806,Chigwell Station,IG7,Ilford
161124977.0,9BT,-0.649296,53.195934,Hykeham Station,LN6,Lincoln
151047557.0,1RA,0.70368,51.58517,Rochford Station,SS4,Southend-on-Sea
162722468.0,9YL,-2.68822,51.50557,Avonmouth Station,BS11,Bristol
150427955.0,9DZ,0.2517,50.930007,Buxted Station,TN21,Tunbridge Wells
161853875.0,8SQ,-3.023509,51.534919,Pye Corner Station,NP10,Newport
162039161.0,5JS,-0.747517,52.14714,Wolverton Station,MK46,Milton Keynes
154682996.0,4QX,-4.154789,50.979316,Chapleton Station,EX39,Exeter
160167323.0,5FZ,0.04739,51.76921,Roydon Station,CM19,Chelmsford
161993660.0,8BQ,-0.30347,53.979072,Nafferton Station,YO25,York
161395820.0,1ED,-1.469114,52.433047,Coventry Arena Station,CV2,Coventry
152834576.0,2DX,-3.423331,50.742443,Cranbrook Station,EX5,Exeter
154425245.0,6RN,-0.254215,50.831955,Shoreham-by-Sea Station,BN43,Brighton
135935489.0,0NP,-0.439612,51.341159,Weybridge Station,KT13,Kingston upon Thames
147074879.0,7TY,1.203417,52.626057,Norwich Station,NR4,Norwich
145487006.0,5FX,1.142204,52.652888,Wymondham Station,NR9,Norwich
160381730.0,4PN,-1.202661,52.35244,Rugby Station,CV21,Coventry
153419846.0,8LJ,-0.96189,51.315419,Hook Station,RG27,Reading
141064610.0,4LZ,-0.590238,51.393544,Longcross Station,GU25,Guildford
147850100.0,3AA,-0.714799,51.084987,Haslemere Station,GU27,Guildford
160181954.0,1EX,-1.31785,51.00682,Shawford Station,SO21,Southampton
161830160.0,6PF,0.281742,51.89733,Stansted Airport Station,CM22,Chelmsford
162314462.0,2UQ,0.255222,52.013657,Audley End Station,CB10,Cambridge
141224813.0,1NA,-0.40129,51.65946,Watford Junction Station,WD17,Watford
161833004.0,6PF,0.27331,51.880206,Stansted Airport Station,CM22,Chelmsford
162584276.0,8RJ,-4.20673,53.30731,Llanfairpwll Station,LL75,Llandudno
161853548.0,9PJ,-0.36817,51.866425,Luton Parkway Station,LU2,Luton
160989092.0,3EH,-0.37413,51.46872,Hounslow Central Station,TW3,Twickenham
154800671.0,3AE,0.100242,50.991405,Buxted Station,TN22,Tunbridge Wells
160049672.0,1TF,-1.3746,53.43099,Rotherham Central Station,S61,Sheffield
138170261.0,9EL,-1.816465,54.827716,Stocksfield Station,DH8,Durham
162295895.0,7LR,-1.590702,51.645426,Swindon Station,SN7,Swindon
155215535.0,3BJ,-2.223239,52.194684,Worcester Foregate Street Station,WR1,Worcester
160341275.0,9SZ,-1.675546,54.963661,MetroCentre Station,NE11,Newcastle upon Tyne
162107633.0,4RA,-0.223204,51.420186,Dundonald Road Tram Stop,SW19,London
120336632.0,6HN,-0.01995,52.97659,Boston Station,PE21,Peterborough
152408045.0,4AG,-1.117919,52.913332,Wilford Lane Tram Stop,NG12,Nottingham
76058183.0,6LJ,-0.02307,52.97932,Boston Station,PE21,Peterborough
162388808.0,5DN,0.058561,51.757507,Roydon Station,CM19,Chelmsford
137596217.0,0LW,-0.171507,51.664429,Hadley Wood Station,EN4,Enfield
161696423.0,1PR,-0.185,51.5318,Maida Vale Station,W9,London
150862676.0,4UF,0.277459,50.766467,Eastbourne Station,BN21,Brighton
161873969.0,1EL,-1.339009,52.140649,Banbury Station,OX17,Oxford
159609284.0,3PT,-0.080655,51.523994,Shoreditch High Street Station,EC2A,London
162618881.0,8AF,-0.45818,51.82916,Luton Parkway Station,AL3,St Albans
160101515.0,4BA,0.29039,51.47534,Chafford Hundred Station,RM20,Romford
160605485.0,3DY,-2.754971,52.785742,Yorton Station,SY4,Shrewsbury
87149805.0,4RU,0.35769,51.77966,Chelmsford Station,CM1,Chelmsford
155622014.0,7SP,-0.518677,52.171343,Bedford Station,MK43,Milton Keynes
160553360.0,7DW,-0.2051,51.4316,Wimbledon Park Station,SW19,London
161258195.0,6RD,-0.508313,51.954633,Harlington Station,LU5,Luton
146671139.0,5GJ,0.138222,50.934528,Uckfield Station,TN22,Tunbridge Wells
157462373.0,9HR,-0.15966,51.590171,East Finchley Station,N2,London
161133938.0,0PS,-0.351122,51.342684,Oxshott Station,KT22,Kingston upon Thames
156283085.0,8LZ,-1.940504,50.702148,Parkstone Station,BH14,Bournemouth
147196781.0,4AL,0.52819,51.383582,Chatham Station,ME4,Medway
158913344.0,9FG,-4.5254,50.81692,Okehampton Station,EX23,Exeter
162060905.0,8AQ,-1.864083,50.724177,Bournemouth Station,BH8,Bournemouth
161967977.0,7HZ,-2.004878,51.748207,Kemble Station,GL7,Gloucester
157932221.0,6SA,-0.070821,51.482544,Peckham Rye Station,SE15,London
153386615.0,0JS,0.232257,50.911695,Berwick Station,TN21,Tunbridge Wells
162298322.0,4DP,-2.219366,51.247421,Dilton Marsh Station,BA13,Bath
143012111.0,8LZ,-1.938625,50.702197,Parkstone Station,BH14,Bournemouth
138197156.0,9QS,0.608506,51.612312,Rayleigh Station,SS6,Southend-on-Sea
161450639.0,6EL,-4.501546,50.96331,Barnstaple Station,EX39,Exeter
160167179.0,5RL,-1.91365,51.65988,Kemble Station,GL7,Gloucester
158019800.0,1NX,-0.206187,51.614843,Mill Hill East Station,NW7,London
150350780.0,0PW,-0.660294,51.515574,Burnham Station,SL6,Slough
161777660.0,4LG,-3.28663,54.199974,Millom Station,LA18,Lancaster
127910573.0,1SH,-0.098991,51.553898,Drayton Park Station,N5,London
115220102.0,7AJ,-2.894286,51.331381,Worle Station,BS24,Bristol
162039863.0,0JS,-1.58924,52.620782,Polesworth Station,B79,Birmingham
153110135.0,4DZ,-2.241151,52.978426,Stoke-on-Trent Station,ST5,Stoke-on-Trent
87041562.0,1SG,-3.52539,50.72093,Exeter Central Station,EX1,Exeter
147327554.0,0RP,-2.1056,52.4924,Cradley Heath Station,DY2,Dudley
162200825.0,6DE,-0.187847,51.735178,Welham Green Station,AL9,St Albans
160833545.0,4DS,-0.692243,52.513573,Corby Station,NN17,Northampton
137823125.0,4PB,-2.866132,51.220234,Highbridge & Burnham Station,BS28,Bristol
161798300.0,4QH,-4.246329,55.339008,New Cumnock Station,KA18,Kilmarnock
156111836.0,4PZ,-2.50507,51.1913,Bruton Station,BA4,Bath
153282893.0,9HZ,1.362285,52.233631,Saxmundham Station,IP13,Ipswich
160750757.0,4LS,-1.80507,52.165042,Stratford-upon-Avon Parkway Station,B50,Birmingham
160535867.0,5NP,-2.789631,50.908821,Crewkerne Station,TA16,Taunton
150598928.0,8PT,0.670969,51.146924,Headcorn Station,TN27,Tunbridge Wells
152020763.0,5HQ,-4.580191,55.491117,Prestwick Town Station,KA6,Kilmarnock
160514234.0,6LW,-0.27428,52.57266,Peterborough Station,PE3,Peterborough
161196179.0,0AE,-0.181053,51.166925,Horley Station,RH6,Redhill
157600811.0,1HT,-0.690849,52.872534,Grantham Station,NG32,Nottingham
157764779.0,4NN,0.598058,50.880917,Ore Station,TN35,Tunbridge Wells
162277133.0,0EA,-0.86596,53.319846,Retford Station,DN22,Doncaster
162591932.0,8PW,-2.594313,52.280578,Leominster Station,WR15,Worcester
151940480.0,4FD,-2.239414,53.478912,Mosley Street Tram Stop,M1,Manchester
161706980.0,9UA,-3.772928,55.62166,Lanark Station,ML11,Motherwell
158608643.0,9JY,0.824427,51.321472,Teynham Station,ME9,Medway
161730329.0,1PH,1.25196,51.96042,Harwich International Station,IP9,Ipswich
161213864.0,4LA,0.58133,51.0437,Robertsbridge Station,TN17,Tunbridge Wells
162718058.0,1AR,-3.15507,51.115848,Taunton Station,TA5,Taunton
151119185.0,0LW,-2.474956,53.157269,Winsford Station,CW10,Crewe
152580989.0,2HT,-0.134937,51.31939,Coulsdon Town Station,CR5,Croydon
153002678.0,7PQ,1.04105,51.25471,Chartham Station,CT4,Canterbury
161599574.0,1TT,-0.199006,51.598781,Finchley Central Station,N3,London
161536097.0,1JE,-0.217939,51.981422,Letchworth Station,SG6,Stevenage
160976309.0,8PP,-0.544847,51.230368,London Road Station,GU4,Guildford
160972019.0,3ST,-0.749152,51.467525,Maidenhead Station,SL6,Slough
160585982.0,5LN,-4.22899,51.78428,Kidwelly Station,SA17,Swansea
128855798.0,5FX,1.142204,52.652888,Wymondham Station,NR9,Norwich
159404468.0,0ES,-0.16015,51.49793,Knightsbridge Station,SW1X,London
153163574.0,6QD,-3.65905,50.55076,Newton Abbot Station,TQ12,Torquay
145882967.0,4DL,-1.789069,53.648525,Huddersfield Station,HD1,Huddersfield
147394475.0,4AP,-2.162209,53.286178,Prestbury Station,SK10,Stockport
161443229.0,7TB,-1.274718,52.585889,Narborough Station,LE9,Leicester
154697018.0,7PR,-0.01258,51.635499,Chingford Station,E4,London
161870882.0,9PJ,-0.317229,51.839519,Luton Parkway Station,LU2,Luton
161724683.0,6RA,0.471445,51.882493,Braintree Station,CM77,Chelmsford
146103458.0,4AP,-2.162209,53.286178,Prestbury Station,SK10,Stockport
162000317.0,8JJ,-2.44822,52.31178,Hartlebury Station,WR15,Worcester
162350456.0,1TX,0.115576,51.655251,Theydon Bois Station,RM4,Romford
144434816.0,7YP,-3.28382,51.893398,Ebbw Vale Town Station,LD3,Llandrindod Wells
129069251.0,7AE,-0.06866,51.38207,Blackhorse Lane Tram Stop,CR0,Croydon
149525000.0,3EX,-5.06588,50.2635,Truro Station,TR1,Truro
161724932.0,6RA,0.46018,51.883725,Braintree Station,CM77,Chelmsford
161027090.0,5QN,-0.38132,51.49741,Southall Station,UB2,Southall
146410526.0,0BJ,-2.478477,53.708668,Darwen Station,BB3,Blackburn
161944223.0,1NH,-0.10884,51.00961,Haywards Heath Station,RH16,Redhill
149500064.0,4UG,-0.876781,54.540538,Saltburn Station,TS13,Cleveland
160271912.0,0HE,-0.820043,51.482968,Twyford Station,RG10,Reading
162385496.0,1EN,-0.01441,51.86459,Ware Station,SG11,Stevenage
162018728.0,3BN,-0.051311,52.361958,Huntingdon Station,PE28,Peterborough
152604533.0,3AQ,-4.599567,54.12857,Nethertown Station,IM9,
160846259.0,5SB,1.34563,52.353836,Halesworth Station,IP21,Ipswich
152592497.0,2HD,-2.177857,53.40762,Stockport Station,SK4,Stockport
151663916.0,7NS,0.113297,51.668984,Theydon Bois Station,CM16,Chelmsford
160041956.0,0PE,-2.32491,53.370034,Hale Station,WA15,Warrington
86788656.0,8HD,-3.442577,51.716438,Aberdare Station,CF44,Cardiff
147327560.0,0RP,-2.1056,52.4924,Cradley Heath Station,DY2,Dudley
151987172.0,2PD,-1.645295,52.540546,Coleshill Parkway Station,B46,Birmingham
161655671.0,1DR,-1.333946,52.127438,Banbury Station,OX17,Oxford
159949328.0,6BZ,-3.629902,50.511211,Newton Abbot Station,TQ12,Torquay
159936899.0,6RN,0.330468,51.4723,Grays Station,RM17,Romford
159383459.0,8QW,-3.644325,50.92456,Morchard Road Station,EX16,Exeter
149424419.0,7YW,-3.963593,51.98183,Llanwrda Station,SA19,Swansea
160221839.0,9AX,-0.39244,51.899265,Luton Station,LU2,Luton
162435827.0,7AJ,-1.514629,52.682845,Polesworth Station,DE12,Derby
127123199.0,3TB,-0.341214,51.508232,Hanwell Station,W7,London
159809597.0,4QL,-2.261997,55.604064,Berwick-upon-Tweed Station,TD12,Galashiels
156874202.0,5HD,0.067337,51.409459,Chislehurst Station,BR7,Bromley
157655723.0,4GB,-1.550381,53.363529,Dore Station,S10,Sheffield
155566145.0,8AL,-1.23888,51.605891,Didcot Parkway Station,OX11,Oxford
162008996.0,4BH,-0.260332,53.103176,Ruskington Station,LN4,Lincoln
154855034.0,6DA,-2.599007,51.463871,Redland Station,BS6,Bristol
161758316.0,8ED,-2.729345,52.018917,Hereford Station,HR2,Hereford
157551329.0,7AB,-2.763977,52.700603,Shrewsbury Station,SY3,Shrewsbury
127055819.0,6HX,-0.49514,51.81664,Berkhamsted Station,HP2,Hemel Hempstead
144216479.0,5BN,-1.274486,51.721746,Oxford Station,OX1,Oxford
162715676.0,3UX,-0.062818,51.492901,Bermondsey Station,SE16,London
160283186.0,0NY,-0.210797,51.137535,Ifield Station,RH11,Redhill
119505914.0,1LG,0.979939,52.534269,Attleborough Station,NR17,Norwich
153563633.0,2ED,-0.329686,51.585228,Harrow & Wealdstone Station,HA1,Harrow
153731567.0,7FT,0.88323,51.3187,Faversham Station,ME13,Medway
156358652.0,9QF,-2.198398,53.69556,Walsden Station,OL13,
147761048.0,8AT,-1.19856,54.5802,South Bank Station,TS3,Cleveland
162258917.0,5JH,-0.784592,53.366579,Gainsborough Lea Road Station,DN21,Doncaster
148343387.0,1XX,-1.823348,52.562856,Sutton Coldfield Station,B72,Birmingham
146717693.0,3RB,-0.925519,52.766716,Melton Mowbray Station,LE14,Leicester
156596708.0,0PS,0.495453,51.24779,East Farleigh Station,ME15,Medway
87129612.0,6PX,1.730187,52.581139,Great Yarmouth Station,NR31,Norwich
162637265.0,0NY,-0.209771,51.135784,Ifield Station,RH11,Redhill
159573755.0,4AY,-0.12616,51.713119,Cuffley Station,EN6,Enfield
153473741.0,8NH,-0.433243,51.717556,Kings Langley Station,WD4,Watford
157949795.0,9NS,-1.936539,50.721336,Parkstone Station,BH14,Bournemouth
143679149.0,9ET,-0.072867,53.549437,Grimsby Town Station,DN32,Doncaster
141816056.0,0BS,-0.64397,50.825668,Barnham Station,PO22,Portsmouth
161155010.0,5DS,-0.427313,51.363042,Walton-on-Thames Station,KT12,Kingston upon Thames
161779256.0,5JQ,-2.78263,51.33917,Yatton Station,BS40,Bristol
162413231.0,1QY,-0.75692,51.20975,Farnham Station,GU10,Guildford
159550661.0,4AR,-0.120648,51.710334,Cuffley Station,EN6,Enfield
162779654.0,0DB,-1.69707,52.34841,Lapworth Station,B93,Birmingham
154789472.0,3RY,-0.295329,51.642135,Elstree & Borehamwood Station,WD6,Watford
150815285.0,6PX,1.73016,52.57985,Great Yarmouth Station,NR31,Norwich
162537026.0,5RA,-0.559068,50.813863,Littlehampton Station,BN17,Brighton
162119180.0,3QE,0.01285,51.55948,Leytonstone High Road Station,E11,London
156093818.0,8BJ,0.33546,51.09198,Wadhurst Station,TN3,Tunbridge Wells
157260545.0,5JP,-0.187793,51.535286,Kilburn High Road Station,NW6,London
160210370.0,0NA,-1.238263,54.687572,Hartlepool Station,TS26,Cleveland
162461231.0,0BL,-1.951875,52.451389,University Station,B17,Birmingham
160481636.0,4JN,-2.336974,52.061184,Colwall Station,WR14,Worcester
159440006.0,4JN,-2.336908,52.062001,Colwall Station,WR14,Worcester
150845279.0,6NT,-2.376666,52.910617,Stone Station,ST21,Stoke-on-Trent
142655393.0,7EQ,-2.1341,53.53798,Westwood Tram Stop,OL9,
161819192.0,7NT,-1.276472,51.231845,Whitchurch (Hants.) Station,RG28,Reading
157714184.0,8AA,-1.780588,53.838393,Saltaire Station,BD98,Bradford
161308325.0,2NG,-3.86218,52.769966,Morfa Mawddach Station,LL40,Llandudno
162149717.0,9AA,-0.289047,51.682286,Radlett Station,WD7,Watford
160675166.0,0QX,-0.534988,51.195688,Chilworth Station,GU5,Guildford
158112227.0,2DF,-1.199496,53.378195,Kiveton Park Station,S25,Sheffield
141838067.0,0NJ,-0.45278,51.3501,Weybridge Station,KT13,Kingston upon Thames
160073405.0,0NJ,-0.450158,51.3491,Weybridge Station,KT13,Kingston upon Thames
146215985.0,0NJ,-0.45044,51.34962,Weybridge Station,KT13,Kingston upon Thames
160383869.0,0AE,0.181256,51.568726,Romford Station,RM7,Romford
154064357.0,2LR,-2.608161,51.460606,Clifton Down Station,BS8,Bristol
139202366.0,4LH,-0.165504,51.573894,Highgate Station,N6,London
160150751.0,4HZ,-0.192125,51.512005,Bayswater Station,W2,London
161869274.0,9GE,-0.014188,51.499469,Crossharbour & London Arena Station,E14,London
160853201.0,8UH,0.7713,51.7213,Southminster Station,CM9,Chelmsford
160851926.0,8UH,0.768488,51.722778,Southminster Station,CM9,Chelmsford
157304885.0,4HH,-2.629226,53.534587,Wigan North Western Station,WN3,Wigan
159152210.0,2RS,1.248587,52.484039,Spooner Row Station,NR15,Norwich
159152267.0,2RS,1.248587,52.484039,Spooner Row Station,NR15,Norwich
159676277.0,1GB,-0.321594,51.243226,Dorking Station,RH4,Redhill
159905150.0,1FF,-1.33774,52.69192,Loughborough Station,LE67,Leicester
161317373.0,8BA,-0.620994,52.682383,Oakham Station,LE15,Leicester
160053632.0,2HB,-0.170883,51.418991,Colliers Wood Station,SW19,London
149850068.0,0SF,-0.563008,52.043856,Lidlington Station,MK43,Milton Keynes
140474036.0,3NE,0.659861,51.547488,Chalkwell Station,SS9,Southend-on-Sea
150488774.0,2DN,0.65317,51.53999,Leigh-on-Sea Station,SS9,Southend-on-Sea
153278675.0,5QL,-2.760867,51.360693,Yatton Station,BS40,Bristol
160441751.0,4SL,0.439397,51.94494,Braintree Station,CM7,Chelmsford
160071317.0,8PD,-1.950393,53.827964,Keighley Station,BD22,Bradford
160401185.0,6FQ,-2.3484,51.3829,Bath Spa Station,BA2,Bath
151090439.0,7BJ,-1.789621,51.619617,Swindon Station,SN26,Swindon
158729123.0,9PZ,-1.240194,52.712678,Barrow upon Soar Station,LE67,Leicester
86502045.0,1PQ,-2.098483,54.970316,Hexham Station,NE46,Newcastle upon Tyne
162395642.0,9PE,-1.131819,51.503479,Goring & Streatley Station,RG8,Reading
160331186.0,7TY,0.684181,51.372452,Newington Station,ME9,Medway
157952291.0,1RT,0.01353,51.89407,Ware Station,SG11,Stevenage
159496982.0,1NE,0.99253,52.18954,Stowmarket Station,IP14,Ipswich
159004373.0,3QU,0.81061,52.249948,Thurston Station,IP31,Ipswich
137512112.0,9TN,-2.789864,53.538349,Rainford Station,WN8,Wigan
157561139.0,2AA,-1.403161,52.147689,Banbury Station,CV47,Coventry
161641529.0,6RR,-4.408873,52.918603,Abererch Station,LL53,Llandudno
149864030.0,1DR,-4.463728,50.350529,Looe Station,PL13,Plymouth
160595267.0,7PR,-0.045017,51.384536,Arena Tram Stop,CR0,Croydon
159660431.0,1NE,0.99253,52.18954,Stowmarket Station,IP14,Ipswich
162380930.0,8DS,-1.606412,52.240301,Warwick Parkway Station,CV35,Coventry
153036881.0,3TE,-0.366222,53.414536,Market Rasen Station,LN8,Lincoln
161703017.0,1PJ,0.70176,51.53969,Southend Victoria Station,SS1,Southend-on-Sea
161054762.0,5EL,-4.374719,52.012117,Carmarthen Station,SA44,Swansea
153065882.0,5DE,-4.336951,52.013626,Carmarthen Station,SA44,Swansea
159203030.0,6FQ,-1.97134,51.64435,Kemble Station,GL7,Gloucester
135528815.0,2TE,-0.191624,51.47342,Imperial Wharf Station,SW6,London
146547404.0,5PQ,-1.24123,54.57329,Middlesbrough Station,TS1,Cleveland
161125403.0,9BT,-0.649296,53.195934,Hykeham Station,LN6,Lincoln
160299020.0,3JT,-3.202285,52.123306,Builth Road Station,LD2,Llandrindod Wells
154497839.0,6NX,-1.142159,52.889193,Holy Trinity Tram Stop,NG11,Nottingham
153777308.0,1NJ,-3.057518,53.784279,Blackpool Pleasure Beach Station,FY4,Blackpool
149358437.0,5NT,-1.21455,52.043774,Kings Sutton Station,NN13,Northampton
143130830.0,8AY,-2.543996,51.456016,Lawrence Hill Station,BS5,Bristol
87116154.0,3PH,-0.09306,52.22836,St. Neots Station,CB23,Cambridge
161256944.0,7BG,-3.070466,53.56385,Freshfield Station,L37,Liverpool
151283441.0,9RW,-0.017257,51.501096,South Quay Station,E14,London
162201092.0,4NH,-1.71876,51.366542,Pewsey Station,SN8,Swindon
161790092.0,8BL,-1.788759,53.91695,Ben Rhydding Station,LS29,Leeds
161346335.0,2HT,-3.491484,50.460701,Torquay Station,TQ1,Torquay
154152287.0,3ER,-0.647318,52.531945,Corby Station,NN17,Northampton
159723476.0,3HF,-2.93282,53.50673,Maghull Station,L31,Liverpool
155692487.0,3NU,-0.746787,51.334594,Camberley Station,GU15,Guildford
161222762.0,4SY,-0.893711,53.891815,Wressle Station,YO42,York
149595365.0,8UR,-2.30918,53.25469,Chelford Station,WA16,Warrington
155279213.0,8HA,1.420823,51.332317,Ramsgate Station,CT11,Canterbury
160364714.0,1AT,-1.862262,53.846822,Bingley Station,BD16,Bradford
160716551.0,3RL,-2.232491,53.372966,Heald Green Station,SK8,Stockport
157247900.0,4DG,-1.94026,52.30857,Redditch Station,B97,Birmingham
146113289.0,5QS,0.263563,51.623908,Brentwood Station,CM14,Chelmsford
149433740.0,9PE,-2.687969,51.491688,Shirehampton Station,BS11,Bristol
162643895.0,1TN,-3.475889,55.175903,Lockerbie Station,DG11,Dumfries
153808214.0,3AJ,-2.242037,52.622246,Albrighton Station,WV7,Wolverhampton
150542120.0,5TN,-3.356451,54.315046,Bootle Station,LA19,Lancaster
154608824.0,3JY,-2.555034,52.818796,Wem Station,TF9,Telford
157717571.0,3EN,-2.784864,51.575973,Severn Tunnel Junction Station,NP26,Newport
161808929.0,8BL,-1.788759,53.91695,Ben Rhydding Station,LS29,Leeds
162363512.0,1NT,0.519227,51.834053,Cressing Station,CM3,Chelmsford
161143661.0,8HN,-2.91687,52.460494,Broome Station,SY7,Shrewsbury
159091988.0,5TS,0.898827,51.952805,Colchester Station,CO4,Colchester
161752439.0,3NR,0.008291,51.140968,Dormans Station,RH19,Redhill
126915524.0,6LQ,-4.905696,50.545205,Roche Station,PL27,Plymouth
148819292.0,4SN,-2.12811,51.835573,Cheltenham Spa Station,GL3,Gloucester
147796121.0,9SA,-4.157728,52.066028,Llanwrda Station,SA40,Swansea
160738712.0,5UZ,-0.202042,51.656075,High Barnet Station,EN5,Enfield
161027783.0,7QJ,-0.044489,51.385159,Arena Tram Stop,CR0,Croydon
147786035.0,1AT,-0.478338,53.224815,Lincoln Central Station,LN4,Lincoln
155619428.0,6HW,-1.09757,52.448121,Rugby Station,LE17,Leicester
86814672.0,1UA,-2.865735,53.64764,New Lane Station,L40,Liverpool
151921790.0,3JT,-2.001512,53.357185,New Mills Newtown Station,SK22,Stockport
157213175.0,7HY,-2.969201,54.173779,Cark-in-Cartmel Station,LA11,Lancaster
160396826.0,1PD,-5.10673,50.4112,Newquay Station,TR7,Truro
148605185.0,2NT,-2.627977,53.555874,Wigan Wallgate Station,WN1,Wigan
134054504.0,0LZ,-1.86494,53.936368,Ilkley Station,LS29,Leeds
153861728.0,5BW,-4.469443,54.143474,Nethertown Station,IM1,
162722414.0,7ES,-4.31091,54.92622,Barrhill Station,DG8,Dumfries
162652052.0,0SH,-0.256924,51.36353,Stoneleigh Station,KT19,Kingston upon Thames
159529472.0,2PB,-0.177834,51.415538,Colliers Wood Station,SW19,London
161892569.0,9BX,-2.9596,53.8704,Poulton-le-Fylde Station,FY6,Blackpool
161427866.0,2JW,-1.015344,52.922006,Radcliffe (Notts) Station,NG12,Nottingham
161092739.0,6BY,-1.148276,51.89397,Bicester Town Station,OX26,Oxford
161311454.0,4LR,-1.149101,51.382339,Aldermaston Station,RG7,Reading
156710189.0,9NN,-5.27623,50.15128,Camborne Station,TR14,Truro
160162673.0,3RS,-1.06272,51.378395,Mortimer Station,RG7,Reading
133641203.0,1RD,-2.532095,51.625797,Pilning Station,BS35,Bristol
159152942.0,4SR,-0.6447,51.0872,Witley Station,GU8,Guildford
153822878.0,2HB,-4.27917,54.85182,Barrhill Station,DG7,Dumfries
155507339.0,3LA,-2.522296,53.366715,Padgate Station,WA4,Warrington
156954128.0,0RP,0.011286,51.225624,Hurst Green Station,RH8,Redhill
162660986.0,3LH,-0.019028,52.354965,Huntingdon Station,PE28,Peterborough
162342164.0,1TS,-2.072249,54.949496,Hexham Station,NE46,Newcastle upon Tyne
153594563.0,0QF,-1.90774,53.33002,Chapel-en-le-Frith Station,SK23,Stockport
158164382.0,9PW,0.767158,52.881229,Kings Lynn Station,NR21,Norwich
136547030.0,5UR,-3.191009,51.408821,Dinas Powys Station,CF64,Cardiff
153278525.0,5QF,-2.759381,51.362042,Yatton Station,BS40,Bristol
155964737.0,2JR,-3.024452,53.636272,Birkdale Station,PR8,Preston
111474173.0,2QT,-2.70147,53.7623,Preston Station,PR1,Preston
162411401.0,5EP,-2.0612,51.5259,Chippenham Station,SN15,Swindon
151620995.0,4HQ,-0.228682,52.340839,Huntingdon Station,PE28,Peterborough
159512678.0,2NT,0.34447,51.93438,Stansted Airport Station,CM6,Chelmsford
160976774.0,8YU,-0.762123,52.501658,Corby Station,LE16,Leicester
162598265.0,9AZ,-0.4621,51.9035,Leagrave Station,LU4,Luton
157260233.0,9RJ,-3.090808,54.141078,Ulverston Station,LA12,Lancaster
138874607.0,6UA,1.268405,52.671108,Norwich Station,NR6,Norwich
157418843.0,6JG,0.426522,51.543655,Laindon Station,SS16,Southend-on-Sea
157322636.0,0RB,-4.65922,51.803363,Whitland Station,SA34,Swansea
158293793.0,4AY,-1.24597,53.259708,Cresswell Station,S43,Sheffield
154302413.0,9AL,-0.49573,51.504268,Iver Station,SL0,Slough
156872657.0,0EU,-0.679696,51.588221,Bourne End Station,HP10,Hemel Hempstead
160774115.0,9EU,-0.493569,51.711334,Apsley Station,WD4,Watford
160399748.0,5AB,-0.259704,51.397474,New Malden Station,KT3,Kingston upon Thames
162739895.0,7GX,-1.361392,53.00831,Langley Mill Station,DE75,Derby
147496310.0,1AT,-1.21232,50.95798,Botley Station,SO32,Southampton
153333578.0,8HX,-2.18656,53.713218,Walsden Station,OL13,
161080982.0,6RB,-1.973921,52.321804,Redditch Station,B97,Birmingham
86504181.0,7NG,-2.286716,53.700732,Accrington Station,BB4,Blackburn
158679728.0,6RB,-1.983987,52.325421,Redditch Station,B97,Birmingham
104700515.0,1HZ,-1.96531,50.609351,Poole Station,BH19,Bournemouth
157259936.0,9RJ,-3.090808,54.141078,Ulverston Station,LA12,Lancaster
161565500.0,2AE,-3.449651,50.725043,Pinhoe Station,EX5,Exeter
137923178.0,1QH,-0.127063,54.119495,Bempton Station,YO15,York
159989636.0,0LU,-3.643294,50.347198,Totnes Station,TQ6,Torquay
156276581.0,1RH,0.485869,51.610168,Wickford Station,CM11,Chelmsford
158978699.0,0AX,-1.500711,52.199729,Leamington Spa Station,CV35,Coventry
162366872.0,2TG,-3.354297,50.757225,Whimple Station,EX5,Exeter
139242248.0,1HR,0.632964,51.946175,Chappel & Wakes Colne Station,CO9,Colchester
162647915.0,2BJ,0.28526,51.909607,Stansted Airport Station,CM6,Chelmsford
160152995.0,9EU,-0.492393,51.711486,Apsley Station,WD4,Watford
148540127.0,0BD,-2.94114,51.303902,Weston Milton Station,BS24,Bristol
142951802.0,9QS,-1.746385,55.324466,Acklington Station,NE65,Newcastle upon Tyne
149061023.0,2QG,-2.46477,53.6837,Darwen Station,BB3,Blackburn
155784995.0,7ES,-0.014851,50.7943,Newhaven Town Station,BN10,Brighton
159751100.0,6EU,0.588568,50.95169,Doleham Station,TN31,Tunbridge Wells
162487388.0,8EX,-2.3684,53.21116,Holmes Chapel Station,CW4,Crewe
160550360.0,9EZ,-2.938071,52.909934,Gobowen Station,SY12,Shrewsbury
150647348.0,1RT,-1.25237,54.58853,Middlesbrough Station,TS2,Cleveland
157608926.0,5LS,-2.48313,51.467564,Keynsham Station,BS30,Bristol
150183608.0,4AL,-0.306526,51.395759,Surbiton Station,KT6,Kingston upon Thames
162009410.0,4BH,-0.260332,53.103176,Ruskington Station,LN4,Lincoln
158294165.0,7QD,0.593075,51.580845,Rayleigh Station,SS6,Southend-on-Sea
162038999.0,0JS,-1.589239,52.62078,Polesworth Station,B79,Birmingham
140924405.0,2NN,-1.013076,51.454953,Reading West Station,RG30,Reading
161862719.0,9PQ,1.389637,52.225784,Saxmundham Station,IP13,Ipswich
162303746.0,3EH,-2.578215,51.238262,Castle Cary Station,BA5,Bath
154662884.0,7QP,-2.340285,51.626485,Cam & Dursley Station,GL12,Gloucester
158722316.0,5BU,-2.531175,51.223237,Bruton Station,BA3,Bath
144428861.0,4AY,-0.98418,52.22403,Northampton Station,NN7,Northampton
152609858.0,5JJ,0.444628,50.869978,Collington Station,TN39,Tunbridge Wells
139960457.0,6SP,-2.16055,53.90628,Colne Station,BB18,Blackburn
157869515.0,2YA,0.25848,50.79398,Hampden Park Station,BN21,Brighton
162008330.0,6BA,-0.060604,52.806503,Spalding Station,PE12,Peterborough
157590083.0,6HE,-5.106466,50.076363,Penmere Station,TR12,Truro
162660632.0,8NX,-1.82029,52.872188,Uttoxeter Station,ST14,Stoke-on-Trent
160511093.0,2DF,-0.276367,51.65456,Elstree & Borehamwood Station,WD6,Watford
158707679.0,4AY,-1.879882,52.4781,Bordesley Station,B9,Birmingham
162018239.0,5BA,-2.292489,52.145666,Malvern Link Station,WR13,Worcester
161033282.0,3RS,-2.55158,52.90683,Whitchurch (Salop) Station,TF9,Telford
155367005.0,8QF,1.513488,52.351739,Halesworth Station,IP19,Ipswich
154124897.0,6PT,-1.221899,52.528476,Narborough Station,LE9,Leicester
161367776.0,1UL,1.75761,52.48532,Lowestoft Station,NR32,Norwich
160398908.0,6RD,-2.88682,51.3609,Worle Station,BS24,Bristol
159211586.0,9PN,-0.163789,51.588757,East Finchley Station,N2,London
149668991.0,8NH,1.06782,52.15215,Needham Market Station,IP6,Ipswich
162129476.0,8JZ,1.066122,51.28228,Canterbury West Station,CT2,Canterbury
107767301.0,1LB,0.478283,50.838558,Bexhill Station,TN40,Tunbridge Wells
156991631.0,3QR,-1.22633,50.85078,Fareham Station,PO14,Portsmouth
159545864.0,7AA,-2.72848,51.053,Yeovil Pen Mill Station,TA11,Taunton
149695010.0,7FN,-0.955366,53.040607,Bleasby Station,NG14,Nottingham
157319279.0,4DS,-4.617321,50.4728,Bodmin Parkway Station,PL30,Plymouth
131129720.0,0AT,-1.118061,52.636751,Leicester Station,LE2,Leicester
136493555.0,4DJ,-0.228196,53.78059,Hull Station,HU11,Hull
161089907.0,1HU,-0.190862,54.137241,Bempton Station,YO15,York
145526699.0,2AH,1.29101,51.27844,Sandwich Station,CT3,Canterbury
150818105.0,4EU,-4.075598,52.340084,Aberystwyth Station,SY23,Shrewsbury
158984429.0,5HS,-1.574815,55.134818,Cramlington Station,NE22,Newcastle upon Tyne
155948165.0,7AU,-5.21578,50.0005,Penmere Station,TR12,Truro
162206771.0,4FN,-1.1012,52.615816,Leicester Station,LE2,Leicester
162228377.0,4EH,-0.609344,54.481663,Whitby Station,YO22,York
159278384.0,3LH,-1.652908,54.081918,Harrogate Station,HG3,Harrogate
160841117.0,4UX,-0.20255,53.869644,Beverley Station,HU11,Hull
151987157.0,2PD,-1.645295,52.540546,Coleshill Parkway Station,B46,Birmingham
156730364.0,5AZ,-1.345258,54.771892,Horden Station,SR8,Sunderland
135239309.0,8PL,-3.956545,52.534823,Dovey Junction Station,SY20,Shrewsbury
155365982.0,3PN,-4.130804,50.781019,Okehampton Station,EX20,Exeter
160820363.0,9NG,-4.546501,54.82342,Stranraer Station,DG8,Dumfries
152334053.0,8GG,-2.3526,50.69148,Moreton Station,DT2,Dorchester
159612434.0,6EF,-0.00863,51.17567,Lingfield Station,RH7,Redhill
161861387.0,8BH,0.33858,51.09523,Wadhurst Station,TN3,Tunbridge Wells
162491753.0,0QQ,-2.259109,50.987277,Gillingham (Dorset) Station,SP7,Salisbury
161857661.0,1RR,-2.16027,53.416443,Stockport Station,SK4,Stockport
150355286.0,5JY,-2.419369,52.122885,Colwall Station,WR13,Worcester
161969516.0,7LX,-2.00235,53.10516,Congleton Station,ST13,Stoke-on-Trent
125704472.0,8NX,-2.58288,54.13182,Wennington Station,LA2,Lancaster
162186920.0,9AU,-1.04657,53.646203,Snaith Station,DN14,Doncaster
124665869.0,0LA,-1.48006,50.70636,Lymington Pier Station,PO41,Portsmouth
154196402.0,1EQ,-0.422753,51.372743,Walton-on-Thames Station,KT12,Kingston upon Thames
148719884.0,6EP,-3.383126,52.251253,Llandrindod Station,LD1,Llandrindod Wells
162195218.0,8YA,0.545035,52.164455,Newmarket Station,CB8,Cambridge
161741237.0,9DG,-4.747115,50.635874,Bodmin Parkway Station,PL33,Plymouth
153182615.0,8JL,-1.00325,53.32967,Retford Station,DN22,Doncaster
155607527.0,1HW,-0.42277,51.372788,Walton-on-Thames Station,KT12,Kingston upon Thames
125078825.0,0SY,-2.49345,53.369541,Birchwood Station,WA13,Warrington
159145019.0,2QZ,-2.382676,50.956893,Templecombe Station,DT10,Dorchester
159121646.0,3PF,-1.926272,53.70163,Sowerby Bridge Station,HX6,Halifax
157282823.0,0HW,-1.405831,51.386268,Kintbury Station,RG20,Reading
160383929.0,9TN,-2.78987,54.79246,Armathwaite Station,CA4,Carlisle
141236165.0,2DE,-0.235011,51.364742,Stoneleigh Station,KT17,Kingston upon Thames
158418380.0,0TG,-1.895307,53.733333,Sowerby Bridge Station,HX2,Halifax
160736150.0,9JT,-5.116867,50.344006,Newquay Station,TR4,Truro
154865840.0,4QD,-1.29673,54.73665,Horden Station,TS27,Cleveland
155981630.0,1BQ,-1.41813,53.366882,Manor Top/Elm Tree Tram Stop,S2,Sheffield
153073121.0,8DT,-2.582907,50.999718,Yeovil Pen Mill Station,BA22,Bath
160738505.0,2QP,-2.286386,51.39403,Bath Spa Station,BA15,Bath
153174095.0,2BJ,0.09491,50.77594,Seaford Station,BN25,Brighton
145872554.0,0TF,-2.364577,50.987176,Templecombe Station,BA8,Bath
154052651.0,9TL,-2.966903,53.662628,Meols Cop Station,PR9,Preston
160428425.0,0PT,-3.013489,52.000812,Hereford Station,HR2,Hereford
160990820.0,8JB,-0.716018,51.646639,High Wycombe Station,HP10,Hemel Hempstead
154546019.0,7LS,0.097396,51.660408,Theydon Bois Station,CM16,Chelmsford
162742385.0,3JD,-0.006503,51.589031,Wood Street Station,E17,London
153733910.0,7HL,-0.64042,52.27505,Wellingborough Station,NN29,Northampton
160789118.0,7LG,-2.467951,52.622206,Telford Central Station,TF8,Telford
150925190.0,9DG,-3.087684,54.192081,Ulverston Station,LA12,Lancaster
150606644.0,4ER,0.90398,52.722869,Wymondham Station,NR20,Norwich
161110841.0,9RW,-1.092334,51.144264,Alton Station,SO24,Southampton
160015265.0,3RN,-0.109589,51.376277,Reeves Corner Tram Stop,CR0,Croydon
87024141.0,8NS,-0.755619,50.831398,Chichester Station,PO19,Portsmouth
161567798.0,9QP,-1.83593,51.52267,Swindon Station,SN4,Swindon
162701495.0,1JW,-0.353699,51.429092,Fulwell Station,TW12,Twickenham
160266371.0,4BY,-5.02713,50.47215,Newquay Station,TR8,Truro
159221831.0,4NQ,-3.44405,50.90924,Tiverton Parkway Station,EX16,Exeter
135583712.0,4PZ,-2.273,51.03433,Gillingham (Dorset) Station,SP8,Salisbury
159903020.0,7HL,-4.227223,51.890828,Carmarthen Station,SA32,Swansea
86902683.0,8EB,-1.812521,54.977008,Wylam Station,NE41,Newcastle upon Tyne
146742833.0,6AA,-0.93218,54.26978,Malton Station,YO62,York
159977369.0,4JJ,-1.45854,52.51646,Nuneaton Station,CV11,Coventry
162706184.0,6EZ,-2.690796,51.87087,Lydney Station,HR9,Hereford
161337020.0,4JP,1.030724,51.078601,Westenhanger Station,CT21,Canterbury
162203510.0,2DG,-5.47979,50.20838,St. Ives Station,TR26,Truro
161433515.0,5ST,-5.065924,50.195552,Perranwell Station,TR11,Truro
139350998.0,0RS,0.207747,51.24237,Hildenborough Station,TN15,Tunbridge Wells
150814562.0,0LS,1.71601,52.58932,Great Yarmouth Station,NR31,Norwich
122826911.0,1JJ,-0.538419,53.230618,Lincoln Central Station,LN2,Lincoln
162376388.0,7DB,-1.542788,51.193416,Andover Station,SP11,Salisbury
152499233.0,2AA,-1.08589,50.78892,Portsmouth & Southsea Station,PO5,Portsmouth
149498171.0,7PU,-4.073007,52.028675,Llanwrda Station,SA19,Swansea
160343522.0,0EW,-1.30039,53.541683,Thurnscoe Station,S63,Sheffield
159937205.0,7JF,-1.886605,52.357972,Earlswood (West Midlands) Station,B48,Birmingham
158554979.0,5SS,0.222922,51.63873,Harold Wood Station,CM14,Chelmsford
150748535.0,9YA,-0.6625,53.62441,Scunthorpe Station,DN15,Doncaster
147688625.0,2LD,-0.28843,52.14339,Sandy Station,SG19,Stevenage
158461247.0,7AS,-0.409038,51.790733,Harpenden Station,AL3,St Albans
122350841.0,6TH,-4.788103,50.273368,St. Austell Station,PL26,Plymouth
150750317.0,9YA,-0.6625,53.62441,Scunthorpe Station,DN15,Doncaster
125400056.0,5RJ,-3.392865,52.215601,Llandrindod Station,LD1,Llandrindod Wells
157265567.0,4BQ,-2.226197,53.60516,Castleton Station,OL10,
151910384.0,4EL,-2.633538,52.79334,Yorton Station,SY4,Shrewsbury
161118905.0,7DH,0.87063,51.13517,Ashford International Station,TN23,Tunbridge Wells
142834484.0,8NT,-2.734213,51.911846,Hereford Station,HR2,Hereford
147572225.0,3AE,-1.30224,52.50413,Hinckley Station,LE10,Leicester
86892627.0,8SG,0.48649,52.25129,Kennett Station,CB8,Cambridge
158724140.0,8PF,-2.19551,51.2134,Warminster Station,BA12,Bath
147688373.0,2LD,-0.28843,52.14339,Sandy Station,SG19,Stevenage
66444090.0,2AB,-2.00755,55.764249,Berwick-upon-Tweed Station,TD15,Galashiels
144888404.0,0XJ,-1.51913,53.70741,Outwood Station,WF2,Wakefield
160077335.0,1PD,-1.682949,53.073783,Matlock Bath Station,DE6,Derby
160211741.0,8NL,-0.71836,52.090519,Wolverton Station,MK16,Milton Keynes
160974650.0,4JE,-1.42531,53.91058,Pannal Station,LS22,Leeds
160438835.0,9LJ,-3.191222,51.483907,Cathays Station,CF11,Cardiff
158724182.0,1NE,-2.66915,51.20644,Castle Cary Station,BA5,Bath
135644654.0,9LN,0.917664,50.958748,Appledore Station,TN29,Tunbridge Wells
161826980.0,6RR,-2.21083,53.00052,Stoke-on-Trent Station,ST4,Stoke-on-Trent
160979087.0,8HP,-0.02538,50.81271,Southease Station,BN2,Brighton
160241699.0,9PY,-3.953709,51.012369,Umberleigh Station,EX37,Exeter
106247945.0,5JT,-2.195578,55.851406,Reston Station,TD14,Galashiels
162633461.0,9LP,-2.598897,53.618618,Adlington (Lancs.) Station,PR6,Preston
161687705.0,0JX,-3.599636,50.606388,Newton Abbot Station,TQ13,Torquay
153254597.0,9EL,-1.087545,53.770709,Selby Station,YO8,York
153670832.0,2BX,0.29114,51.91964,Stansted Airport Station,CM6,Chelmsford
137462414.0,5NU,-0.35519,52.4374,Huntingdon Station,PE28,Peterborough
157517303.0,2NL,-1.26841,50.697971,Ryde St. Johns Road Station,PO30,Portsmouth
158895347.0,4QW,-2.27236,51.03745,Gillingham (Dorset) Station,SP8,Salisbury
161567807.0,1NE,0.37238,51.83333,Stansted Airport Station,CM6,Chelmsford
158427731.0,6NT,-3.941757,51.680176,Llansamlet Station,SA6,Swansea
162653372.0,3JX,-1.616002,54.068399,Starbeck Station,HG3,Harrogate
142697213.0,7BU,-3.098335,54.198204,Ulverston Station,LA12,Lancaster
161567816.0,7HJ,-0.64284,52.26312,Wellingborough Station,NN29,Northampton
162266957.0,0BY,-5.1466,50.34713,Newquay Station,TR6,Truro
158939735.0,3AH,-5.06855,50.1553,Falmouth Town Station,TR11,Truro
160143350.0,4SZ,-2.684414,53.42794,St Helens Junction Station,WA9,Warrington
159283238.0,3ER,-2.443471,51.409618,Keynsham Station,BS31,Bristol
160198454.0,4BY,-5.02715,50.47214,Newquay Station,TR8,Truro
149895617.0,6BZ,-1.143238,50.895733,Portchester Station,PO17,Portsmouth
154350896.0,4JW,-2.512083,51.259083,Frome Station,BA3,Bath
160969112.0,2LH,-1.196032,50.940492,Botley Station,SO32,Southampton
157754696.0,7FR,-1.087444,53.961795,York Station,YO1,York
155359919.0,1RU,-3.39858,50.84867,Tiverton Parkway Station,EX15,Exeter
157354142.0,3LE,-0.108766,51.382465,West Croydon Station,CR0,Croydon
161265980.0,4LW,-3.256539,54.207466,Millom Station,LA18,Lancaster
161345525.0,8JE,-5.159499,50.297382,Truro Station,TR4,Truro
151542233.0,4EX,-0.786138,53.835304,Howden Station,YO43,York
143527814.0,5JL,0.492209,50.957433,Robertsbridge Station,TN32,Tunbridge Wells
154183163.0,1QN,-2.63041,50.93742,Yeovil Pen Mill Station,BA20,Bath
161891456.0,3NE,-0.139264,51.34253,Reedham (Surrey) Station,CR8,Croydon
160519871.0,9EF,1.130673,51.839355,Weeley Station,CO16,Colchester
140150831.0,5JL,0.492151,50.958106,Robertsbridge Station,TN32,Tunbridge Wells
160309184.0,9EF,1.129885,51.839862,Weeley Station,CO16,Colchester
149067917.0,7NQ,-2.80937,53.003,Whitchurch (Salop) Station,SY14,Shrewsbury
154326218.0,5QN,-2.197945,52.724738,Penkridge Station,ST19,Stoke-on-Trent
160033937.0,3QQ,-1.94564,52.465274,University Station,B15,Birmingham
134902211.0,1DZ,-2.42284,53.576379,Bolton Station,BL2,Bolton
142006391.0,6DY,-2.128391,53.260969,Macclesfield Station,SK11,Stockport
153823724.0,0QX,-4.72697,55.08505,Barrhill Station,KA26,Kilmarnock
151993805.0,8LX,-0.200778,51.417404,Haydons Road Station,SW19,London
153743213.0,8AL,-4.46008,54.81118,Stranraer Station,DG8,Dumfries
156846890.0,5AR,-0.387841,51.463111,Hounslow West Station,TW4,Twickenham
154930415.0,1EJ,0.09936,50.975612,Uckfield Station,TN22,Tunbridge Wells
159054431.0,1LT,-1.109096,53.937545,York Station,YO24,York
162303053.0,8BQ,-0.30347,53.979072,Nafferton Station,YO25,York
145780199.0,6DD,1.12838,52.197627,Needham Market Station,IP14,Ipswich
155646386.0,9PT,-2.4189,52.64936,Shifnal Station,TF11,Telford
162557507.0,9JL,-0.54776,50.84916,Arundel Station,BN18,Brighton
162495737.0,2XW,-5.04581,50.2557,Truro Station,TR1,Truro
87117645.0,7XW,-3.5405,50.63903,Starcross Station,EX6,Exeter
128000036.0,4EJ,-0.468267,50.835219,Angmering Station,BN16,Brighton
151955093.0,2UF,0.014793,50.872477,Lewes Station,BN7,Brighton
155319140.0,7ES,-0.180219,51.562951,Hampstead Station,NW3,London
86904141.0,2YY,-2.582571,53.830394,Ramsgreave & Wilpshire Station,PR3,Preston
158418299.0,1SR,-1.68322,55.167749,Morpeth Station,NE61,Newcastle upon Tyne
148917620.0,6LT,0.09206,51.620125,Grange Hill Station,IG7,Ilford
148332476.0,1NU,1.155672,51.79084,Clacton Station,CO15,Colchester
158117285.0,6AN,-2.265531,52.391373,Kidderminster Station,DY11,Dudley
153475601.0,2RE,-1.78596,53.55676,Brockholes Station,HD9,Huddersfield
135349988.0,4AH,-2.723322,52.742243,Shrewsbury Station,SY1,Shrewsbury
154769459.0,1QJ,-0.337041,51.231716,Dorking West Station,RH4,Redhill
148480505.0,1ND,0.507219,51.386846,Rochester Station,ME1,Medway
159704528.0,1HQ,-0.807849,53.080849,Newark Castle Station,NG24,Nottingham
143773079.0,9TW,-0.41034,51.47902,Hatton Cross Station,TW5,Twickenham
160097444.0,5NH,-2.346561,53.406593,Timperley Tram Stop,WA14,Warrington
161617883.0,3EL,-1.003613,52.867691,Radcliffe (Notts) Station,NG12,Nottingham
158221406.0,8LB,0.322219,51.629735,Shenfield Station,CM15,Chelmsford
161920742.0,3BE,-0.225682,51.649018,High Barnet Station,EN5,Enfield
150692705.0,5TR,-3.645963,50.49997,Newton Abbot Station,TQ12,Torquay
154320713.0,4JB,-2.737435,51.781986,Lydney Station,NP25,Newport
159372521.0,2RL,-1.802804,53.556303,Brockholes Station,HD9,Huddersfield
156624929.0,3HX,0.280918,51.592908,Brentwood Station,CM13,Chelmsford
155033048.0,8BG,-0.180983,51.618184,Woodside Park Station,N12,London
158408423.0,5NA,-0.1989,50.97722,Wivelsfield Station,RH17,Redhill
162591359.0,8PW,-2.595488,52.281429,Leominster Station,WR15,Worcester
162293690.0,5JJ,-0.693957,51.572823,Bourne End Station,SL8,Slough
143849075.0,7DF,-1.296332,50.884948,Bursledon Station,SO31,Southampton
159897860.0,9QQ,-2.769529,51.123891,Bridgwater Station,BA16,Bath
160082843.0,4DG,-0.37675,51.64608,Bushey Station,WD19,Watford
122350862.0,6TH,-4.788103,50.273368,St. Austell Station,PL26,Plymouth
157250858.0,6LG,-2.717636,52.69007,Shrewsbury Station,SY2,Shrewsbury
160649303.0,5AR,-0.302943,51.376534,Chessington North Station,KT6,Kingston upon Thames
138490574.0,8AT,-0.030933,53.561964,Cleethorpes Station,DN35,Doncaster
160951997.0,4ED,0.105028,51.431875,Sidcup Station,DA14,Dartford
152686388.0,1HX,-0.190495,54.137875,Bempton Station,YO15,York
155620115.0,1HL,-2.605938,51.454647,Clifton Down Station,BS8,Bristol
149254748.0,5AW,0.049221,51.551573,Manor Park Station,E12,London
161987087.0,4JJ,-0.19821,51.45716,Wandsworth Town Station,SW18,London
162355898.0,2SP,-0.589789,51.614711,Seer Green Station,HP9,Hemel Hempstead
144963827.0,1LA,-1.200048,53.143646,Mansfield Station,NG18,Nottingham
162000998.0,5NF,-0.317697,53.893311,Arram Station,HU17,Hull
160307573.0,8ND,0.77368,52.64489,Attleborough Station,PE37,Peterborough
162375494.0,0LU,-2.855681,54.624858,Penrith Station,CA11,Carlisle
158733098.0,9FA,-1.923846,50.769791,Branksome Station,BH11,Bournemouth
160198595.0,4BN,0.116776,51.008356,Buxted Station,TN22,Tunbridge Wells
149971373.0,4DR,0.23965,50.88242,Polegate Station,BN27,Brighton
161043542.0,0HU,-1.741742,51.505523,Swindon Station,SN4,Swindon
162374405.0,6RL,-2.039416,52.241074,Redditch Station,B96,Birmingham
137079488.0,2LP,-1.955332,50.607805,Poole Station,BH19,Bournemouth
141340994.0,1DY,-0.852308,53.522766,Crowle Station,DN9,Doncaster
162302969.0,6XN,-0.234666,52.194709,St. Neots Station,PE19,Peterborough
162005528.0,4RJ,-0.868514,53.402572,Gainsborough Central Station,DN10,Doncaster
155407946.0,1PL,-1.06675,52.66002,Syston Station,LE5,Leicester
161311373.0,4LR,-1.149101,51.382339,Aldermaston Station,RG7,Reading
161095586.0,2AQ,-5.04991,50.2644,Truro Station,TR1,Truro
148103555.0,9ND,-0.504106,51.520031,Iver Station,SL0,Slough
157851602.0,5DZ,-1.289794,51.70549,Radley Station,OX1,Oxford
157742255.0,3QT,-5.274883,50.222804,Camborne Station,TR15,Truro
159585116.0,6HU,0.561108,50.858119,St Leonards Warrior Square Station,TN37,Tunbridge Wells
157490882.0,1PL,-1.06675,52.66002,Syston Station,LE5,Leicester
161051378.0,6HU,0.561109,50.858122,St Leonards Warrior Square Station,TN37,Tunbridge Wells
157819376.0,9ND,-0.504937,51.520183,Iver Station,SL0,Slough
161005553.0,6HU,0.561109,50.858122,St Leonards Warrior Square Station,TN37,Tunbridge Wells
145484888.0,5SA,0.530412,50.955077,Robertsbridge Station,TN32,Tunbridge Wells
157752926.0,9ND,-0.506742,51.519199,Iver Station,SL0,Slough
161883116.0,8AA,-0.659684,51.535957,Burnham Station,SL1,Slough
162144341.0,8AA,-0.6605,51.5355,Burnham Station,SL1,Slough
161902760.0,8AA,-0.659684,51.535957,Burnham Station,SL1,Slough
152662646.0,1HU,-0.193561,54.148868,Bempton Station,YO15,York
153165266.0,4HU,-0.036893,51.073678,East Grinstead Station,RH19,Redhill
160990805.0,8JB,-0.716018,51.646639,High Wycombe Station,HP10,Hemel Hempstead
155340599.0,4NA,0.533935,51.242235,Maidstone West Station,ME17,Medway
161233763.0,5RA,-0.077777,52.32787,Huntingdon Station,PE27,Peterborough
147160766.0,5NB,-2.203051,53.612873,Castleton Station,OL11,
162301457.0,0LF,1.251844,52.005489,Trimley Station,IP10,Ipswich
148966121.0,8YS,-3.633258,51.898157,Llandovery Station,LD3,Llandrindod Wells
150298562.0,5NR,-4.11212,52.23804,Aberystwyth Station,SY23,Shrewsbury
160661315.0,6NE,-3.008244,51.837439,Abergavenny Station,NP7,Newport
159053096.0,2RP,-2.10501,52.5903,Wolverhampton Station,WV1,Wolverhampton
138133709.0,1NN,-0.649452,52.491756,Corby Station,NN17,Northampton
160726031.0,2AS,-1.199896,52.117767,Banbury Station,OX17,Oxford
160241945.0,2TS,-0.655262,51.627382,Beaconsfield Station,HP9,Hemel Hempstead
158209643.0,0DJ,-4.55353,50.7827,Liskeard Station,EX23,Exeter
152175554.0,8JX,0.676161,51.328828,Newington Station,ME9,Medway
159238208.0,3PN,-2.07937,51.9004,Cheltenham Spa Station,GL50,Gloucester
155787893.0,6XG,-1.9218,53.2581,Buxton Station,SK17,Stockport
154486733.0,0LR,-1.64229,53.661399,Ravensthorpe Station,WF12,Wakefield
87075354.0,1LP,-3.084777,53.566203,Freshfield Station,L37,Liverpool
157943138.0,8BJ,-1.739552,52.369017,Dorridge Station,B93,Birmingham
155252261.0,4NW,-0.585105,53.477795,Kirton Lindsey Station,DN21,Doncaster
158637767.0,5SF,-2.979571,53.392685,Brunswick Station,L8,Liverpool
87109470.0,3PR,-0.402878,51.829683,Harpenden Station,AL5,St Albans
162698957.0,4NE,-1.24287,53.127599,Sutton Parkway Station,NG17,Nottingham
162241058.0,9HE,-1.019685,51.508001,Tilehurst Station,RG4,Reading
148398008.0,2DL,-0.261087,52.123327,Sandy Station,SG19,Stevenage
151533824.0,8HA,0.140395,52.208923,Cambridge Station,CB5,Cambridge
151371854.0,0TB,-1.44274,54.00716,Knaresborough Station,HG5,Harrogate
136780877.0,8JD,-0.043642,51.34882,Gravel Hill Tram Stop,CR2,Croydon
161030984.0,1SF,-0.179978,51.706836,Potters Bar Station,EN6,Enfield
162303020.0,8BQ,-0.30347,53.979072,Nafferton Station,YO25,York
161152919.0,0XN,-0.4159,53.8299,Beverley Station,HU17,Hull
161667854.0,3LB,-1.13098,53.918606,York Station,YO23,York
146474624.0,0QL,-0.099661,51.500706,Borough Station,SE1,London
162428801.0,7BZ,-3.977843,51.991313,Llanwrda Station,SA19,Swansea
156515528.0,1UE,-2.0606,55.7838,Berwick-upon-Tweed Station,TD15,Galashiels
161167088.0,7PF,-0.16052,51.515547,Marble Arch Station,W1H,London
143749814.0,1LA,-0.73775,51.22492,Aldershot Station,GU10,Guildford
157569608.0,7QB,0.3587,51.4622,Tilbury Town Station,RM18,Romford
143000558.0,5JL,0.492209,50.957433,Robertsbridge Station,TN32,Tunbridge Wells
158030534.0,2AP,-0.505672,51.431302,Staines Station,TW18,Twickenham
155990981.0,0EE,-1.504945,52.163985,Leamington Spa Station,CV35,Coventry
156858302.0,4BG,-1.074146,53.787413,Selby Station,YO8,York
147028436.0,8RR,-3.78588,52.52497,Machynlleth Station,SY20,Shrewsbury
156887006.0,0TH,0.794045,52.071239,Sudbury Station,CO10,Colchester
87283957.0,2LD,-3.053531,51.144266,Bridgwater Station,TA5,Taunton
140343587.0,4TQ,-2.161472,51.262893,Westbury Station,BA13,Bath
148447376.0,2DL,-0.261087,52.123327,Sandy Station,SG19,Stevenage
161850794.0,3QS,-1.391395,54.748823,Horden Station,DH6,Durham
146123510.0,6NB,0.22642,51.86941,Stansted Airport Station,CM22,Chelmsford
161741297.0,5SR,-3.043678,53.38229,Birkenhead Central Station,CH43,Chester
160680677.0,5PQ,-0.890717,50.979225,Petersfield Station,GU31,Guildford
159235940.0,6RD,-2.887324,51.361099,Worle Station,BS24,Bristol
160112918.0,0AP,-2.95627,54.4284,Windermere Station,LA22,Lancaster
146368241.0,4PJ,-0.12564,51.55879,Upper Holloway Station,N19,London
156461105.0,9JF,-1.496975,53.86558,Cross Gates Station,LS17,Leeds
161920799.0,4SB,-0.578092,51.236454,Guildford Station,GU1,Guildford
156728822.0,2DP,-0.074489,51.551678,Dalston Kingsland Station,E8,London
160267526.0,1RB,-0.88104,52.76458,Melton Mowbray Station,LE13,Leicester
150986771.0,9ED,-3.837397,50.429962,Ivybridge Station,TQ10,Torquay
159271268.0,2LG,-3.060608,51.13981,Bridgwater Station,TA5,Taunton
156589385.0,3DZ,1.135158,51.072581,Folkestone West Station,CT20,Canterbury
157433459.0,6NS,-1.811795,52.193332,Wilmcote Station,B49,Birmingham
156691385.0,3RY,0.723976,52.408798,Thetford Station,IP24,Ipswich
155790452.0,7JG,-2.975297,53.330696,Bromborough Rake Station,CH62,Chester
153897065.0,9JF,0.547491,51.594769,Wickford Station,SS12,Southend-on-Sea
161909987.0,9EW,-0.096076,51.470207,Denmark Hill Station,SE5,London
160998071.0,3ES,0.8616,51.1116,Ashford International Station,TN23,Tunbridge Wells
151889312.0,2NL,0.686843,51.928531,Chappel & Wakes Colne Station,CO6,Colchester
159809279.0,5SU,-1.351744,50.916887,Bitterne Station,SO18,Southampton
151730345.0,0BG,-2.183798,50.99792,Gillingham (Dorset) Station,SP7,Salisbury
161883743.0,1JD,-2.40405,51.92247,Gloucester Station,GL18,Gloucester
124465262.0,0HJ,-0.181724,51.607563,West Finchley Station,N12,London
153774371.0,1NG,-3.057554,53.786327,Blackpool Pleasure Beach Station,FY4,Blackpool
154152554.0,3ER,-0.647318,52.531945,Corby Station,NN17,Northampton
158846147.0,6QF,-1.239715,52.541972,Narborough Station,LE9,Leicester
158058788.0,2DE,0.001763,51.508205,East India Station,E14,London
149403971.0,8DW,0.724267,52.945984,Kings Lynn Station,PE31,Peterborough
154005413.0,0AX,1.24766,51.84254,Frinton Station,CO13,Colchester
160213205.0,1DG,-0.298669,51.714814,Park Street Station,AL2,St Albans
160134797.0,4DA,-0.31114,51.41217,Hampton Wick Station,KT1,Kingston upon Thames
155557580.0,3QL,0.392317,51.917217,Stansted Airport Station,CM6,Chelmsford
87150012.0,9BJ,-0.663792,50.990648,Pulborough Station,GU28,Guildford
124465280.0,3NG,-0.196352,51.593743,Finchley Central Station,N3,London
154582001.0,4LY,-0.295206,51.539222,Alperton Station,HA0,Harrow
150489929.0,9AD,0.70739,52.08672,Sudbury Station,CO10,Colchester
159635762.0,3SP,-2.697813,51.827263,Lydney Station,NP25,Newport
162304562.0,4PJ,-2.388975,54.495377,Kirkby Stephen Station,CA17,Carlisle
129301856.0,4HN,-4.549128,54.187156,Nethertown Station,IM4,
156528410.0,3LU,-3.267908,50.838333,Feniton Station,EX14,Exeter
151267709.0,1YB,-0.15369,52.338925,Huntingdon Station,PE29,Peterborough
154220828.0,0BX,-0.056287,52.158127,Shepreth Station,SG8,Stevenage
151265225.0,1YB,-0.153393,52.339168,Huntingdon Station,PE29,Peterborough
151943372.0,6QW,-1.917472,51.646307,Kemble Station,SN6,Swindon
161706983.0,9UA,-3.772928,55.62166,Lanark Station,ML11,Motherwell
160847018.0,9NW,-1.47427,52.4705,Bedworth Station,CV7,Coventry
160782950.0,7UD,-0.792727,51.217857,Farnham Station,GU9,Guildford
153946022.0,6BL,-1.57019,54.60401,Heighington Station,DL5,Darlington
153782582.0,4SU,-4.11846,54.82196,Workington Station,DG6,Dumfries
153283952.0,7LB,-2.98908,54.86165,Dalston Station,CA5,Carlisle
162018437.0,7HS,-0.757451,53.178272,Swinderby Station,NG23,Nottingham
160218782.0,8QS,-4.07502,51.906386,Llandeilo Station,SA32,Swansea
158727965.0,3PN,0.254291,50.848386,Polegate Station,BN27,Brighton
140491991.0,3LE,-1.627981,54.074514,Harrogate Station,HG3,Harrogate
161875898.0,5AX,0.47716,50.86462,Crowhurst Station,TN39,Tunbridge Wells
154623041.0,7PN,-4.376611,54.243556,Nethertown Station,IM4,
153609593.0,3BH,-2.88672,53.56649,Ormskirk Station,L39,Liverpool
162038864.0,2JD,-4.504903,52.106506,Carmarthen Station,SA43,Swansea
158369063.0,1BU,-0.981562,50.850631,Havant Station,PO9,Portsmouth
148286672.0,8TD,-2.578813,53.677764,Chorley Station,PR6,Preston
142269767.0,8BS,0.2545,51.13222,Tunbridge Wells Station,TN4,Tunbridge Wells
155214515.0,5FZ,-1.33315,54.646053,Billingham Station,TS22,Cleveland
149658788.0,1EY,-3.45172,51.61114,Tonypandy Station,CF40,Cardiff
153061754.0,6TT,-1.427602,52.868667,Peartree Station,DE73,Derby
153832238.0,9TX,-1.84539,53.707233,Halifax Station,HX3,Halifax
162390629.0,0PT,-3.007824,52.010322,Hereford Station,HR2,Hereford
151380566.0,9JQ,-0.161001,51.420902,Tooting Station,SW17,London
162509603.0,3DL,0.927031,52.179761,Stowmarket Station,IP14,Ipswich
161446043.0,7AL,-2.104596,51.897224,Cheltenham Spa Station,GL51,Gloucester
146364326.0,4RB,-2.714488,53.417728,Lea Green Station,WA9,Warrington
137685995.0,3RT,-0.651913,50.838384,Barnham Station,PO20,Portsmouth
157763195.0,6LQ,-0.133122,51.427837,Streatham Station,SW16,London
160724324.0,0NT,-2.020014,52.54376,Wednesbury Great Western Street Tram Stop,WS10,Walsall
153772949.0,6DY,-2.01799,52.65794,Landywood Station,WS6,Walsall
158344490.0,0EG,-0.435731,53.717324,Hessle Station,HU13,Hull
55259877.0,4LQ,0.68196,51.73515,Hatfield Peverel Station,CM9,Chelmsford
162348518.0,7SH,-0.648776,52.902393,Grantham Station,NG31,Nottingham
131700299.0,3LZ,-0.492801,53.731666,Ferriby Station,HU14,Hull
160216193.0,4HF,-3.5379,54.6306,Workington Station,CA14,Carlisle
160283198.0,7HJ,-0.643803,52.262687,Wellingborough Station,NN29,Northampton
161912681.0,8BT,0.664789,52.964441,Kings Lynn Station,PE31,Peterborough
162001265.0,2AT,-1.56454,51.74766,Ascott-under-Wychwood Station,OX18,Oxford
158164766.0,9HT,-2.559836,51.417126,Bedminster Station,BS14,Bristol
155133647.0,9DZ,-1.47217,54.02108,Knaresborough Station,HG5,Harrogate
152171711.0,4QA,-2.629846,55.951663,East Linton Station,EH41,Edinburgh
152570963.0,7NJ,-2.319563,53.334747,Mobberley Station,WA16,Warrington
148643774.0,2BG,-0.081397,51.644161,Enfield Town Station,EN1,Enfield
153977897.0,8AD,-4.221257,51.861338,Carmarthen Station,SA32,Swansea
157438652.0,7JZ,-3.757788,50.37758,Totnes Station,TQ9,Torquay
162375329.0,6RL,-2.039416,52.241074,Redditch Station,B96,Birmingham
147010964.0,8RA,0.23508,51.134567,Tunbridge Wells Station,TN4,Tunbridge Wells
148790210.0,4AX,-0.126625,51.713885,Cuffley Station,EN6,Enfield
162319595.0,3EJ,-2.374844,51.866964,Gloucester Station,GL19,Gloucester
129363860.0,7QX,-1.140446,52.931426,Wilford Lane Tram Stop,NG2,Nottingham
151147562.0,7TU,-1.52832,53.80632,Leeds Station,LS9,Leeds
122087126.0,7HW,-0.03218,52.95485,Boston Station,PE21,Peterborough
159230138.0,9DX,-1.48487,51.37637,Kintbury Station,RG17,Reading
157941764.0,0AD,0.265619,51.156943,High Brooms Station,TN4,Tunbridge Wells
153774086.0,3BS,-1.50179,52.92631,Derby Station,DE22,Derby
157270949.0,4PT,-0.58235,51.407392,Virginia Water Station,GU25,Guildford
156847247.0,0LW,-2.475224,53.157573,Winsford Station,CW10,Crewe
159141197.0,7AP,-1.54057,52.672199,Polesworth Station,DE12,Derby
161495966.0,6EF,-2.42375,52.233523,Malvern Link Station,WR6,Worcester
148251689.0,1NT,-1.653453,53.25885,Grindleford Station,DE45,Derby
160855937.0,8QF,1.058253,52.181678,Needham Market Station,IP6,Ipswich
144666263.0,4RT,-2.99767,51.19023,Highbridge & Burnham Station,TA6,Taunton
157052318.0,6DP,-2.493878,53.28653,Northwich Station,CW9,Crewe
143509985.0,1AX,-4.170303,50.379799,Devonport Station,PL2,Plymouth
162699080.0,5LX,-0.9904,51.531451,Henley-on-Thames Station,RG9,Reading
161897435.0,5AX,0.481613,50.872998,Crowhurst Station,TN39,Tunbridge Wells
158213078.0,4SL,-0.09655,50.98944,Haywards Heath Station,RH16,Redhill
149773106.0,2RY,-0.15729,52.44509,Whittlesea Station,PE26,Peterborough
155029340.0,8PA,-1.767908,52.720283,Lichfield Trent Valley Station,WS13,Walsall
161230607.0,9DW,0.585838,51.595958,Rayleigh Station,SS6,Southend-on-Sea
152124107.0,6HW,-1.03869,50.90093,Rowlands Castle Station,PO7,Portsmouth
135445478.0,5NY,-0.181882,51.657392,New Barnet Station,EN5,Enfield
153249380.0,6DF,-2.76167,53.408359,Rainhill Station,L35,Liverpool
161760239.0,0PH,-0.118823,52.084262,Ashwell & Morden Station,SG8,Stevenage
160660637.0,0HN,-3.598579,50.358316,Paignton Station,TQ6,Torquay
161719250.0,6QG,-0.318612,53.497993,Barnetby Station,LN7,Lincoln
162042143.0,4BJ,-2.23972,53.60925,Castleton Station,OL10,
146618783.0,3EB,-3.145079,51.57952,Lisvane & Thornhill Station,CF83,Cardiff
159845234.0,0ED,-0.102135,51.457192,Herne Hill Station,SE24,London
159663719.0,1LA,-2.485,53.7479,Blackburn Station,BB2,Blackburn
162302459.0,8BQ,-0.30347,53.979072,Nafferton Station,YO25,York
161154227.0,3PT,-4.726018,52.030338,Fishguard Harbour Station,SA41,Swansea
160028717.0,6SQ,-2.9926,50.9789,Taunton Station,TA3,Taunton
154000355.0,7NJ,0.17965,51.8058,Sawbridgeworth Station,CM22,Chelmsford
162609419.0,3QB,-0.372331,53.055317,Ruskington Station,LN4,Lincoln
162594356.0,3QB,-0.364443,53.066292,Ruskington Station,LN4,Lincoln
151120769.0,3DF,-3.393069,50.774917,Whimple Station,EX5,Exeter
153885641.0,1DP,-3.42318,50.71045,Digby & Sowton Station,EX5,Exeter
144507038.0,4RS,0.337866,50.891821,Normans Bay Station,BN27,Brighton
162376061.0,7SH,-0.6515,52.9021,Grantham Station,NG31,Nottingham
162369365.0,6LU,-1.432833,51.223354,Andover Station,SP11,Salisbury
157491245.0,3BH,-2.88672,53.56649,Ormskirk Station,L39,Liverpool
161599913.0,1ES,-2.912906,54.383781,Windermere Station,LA23,Lancaster
161835638.0,6PF,0.292857,51.883504,Stansted Airport Station,CM22,Chelmsford
148832048.0,3LB,-2.06454,51.916247,Cheltenham Spa Station,GL52,Gloucester
159023588.0,7AA,-2.33461,51.40282,Bath Spa Station,BA1,Bath
160533710.0,9DS,-3.500194,53.247568,Abergele & Pensarn Station,LL22,Llandudno
157003787.0,4AJ,0.026388,51.653499,Loughton Station,IG10,Ilford
161164190.0,9BH,0.283196,51.098312,Frant Station,TN3,Tunbridge Wells
147327542.0,0RP,-2.1056,52.4924,Cradley Heath Station,DY2,Dudley
155488934.0,6YJ,-0.149724,53.177844,Metheringham Station,LN10,Lincoln
157741175.0,0AD,-1.178607,52.982619,Basford Tram Stop,NG6,Nottingham
161461166.0,7TB,-1.274611,52.585615,Narborough Station,LE9,Leicester
153033773.0,6EN,-3.02066,53.3911,Conway Park Station,CH41,Chester
126756281.0,4ED,-0.140502,50.828456,Brighton Station,BN1,Brighton
157447496.0,9PS,-0.00271,51.485174,Maze Hill Station,SE10,London
159705755.0,7XA,0.167539,51.403983,Swanley Station,BR8,Bromley
157743386.0,0DY,-0.788775,52.93692,Bottesford Station,NG13,Nottingham
161599625.0,2EX,0.72219,51.247203,Lenham Station,ME17,Medway
149493434.0,7BJ,1.161582,51.136661,Channel Tunnel Terminal Station,CT18,Canterbury
153722366.0,4DW,-3.540243,50.727659,Exeter St. Davids Station,EX4,Exeter
162382337.0,0LF,1.248122,52.005424,Trimley Station,IP10,Ipswich
162706154.0,6EZ,-2.690795,51.870868,Lydney Station,HR9,Hereford
160620947.0,2JZ,0.892521,51.058551,Ham Street Station,TN26,Tunbridge Wells
162577265.0,5SY,-0.105252,51.5211,Farringdon Station,EC1M,London
161931917.0,4SB,-0.57811,51.23661,Guildford Station,GU1,Guildford
132983624.0,0PZ,-2.22575,53.69082,Walsden Station,OL13,
161968040.0,6BY,-1.985221,51.67515,Kemble Station,GL7,Gloucester
161091044.0,2LG,0.337197,51.620886,Shenfield Station,CM13,Chelmsford
157473341.0,3PH,-1.431844,54.172367,Thirsk Station,YO7,York
126884054.0,1AB,-3.826543,53.320956,Llandudno Station,LL30,Llandudno
128142257.0,3JG,1.099955,52.667589,Wymondham Station,NR20,Norwich
128719304.0,7SW,-0.429112,51.137897,Ockley Station,GU6,Guildford
147214712.0,7BL,-2.226078,53.298501,Alderley Edge Station,SK9,Stockport
160759076.0,9JN,-0.665775,51.389732,Ascot Station,SL5,Slough
162467741.0,6JE,0.47646,51.7328,Chelmsford Station,CM2,Chelmsford
159526628.0,4NE,-0.296419,51.501022,South Ealing Station,W5,London
157646549.0,9TE,-2.398816,52.367736,Kidderminster Station,DY14,Dudley
162614471.0,9TT,-0.056187,52.01849,Ashwell & Morden Station,SG8,Stevenage
159022844.0,0LX,-3.64322,50.34676,Totnes Station,TQ6,Torquay
159793715.0,1JS,-0.589765,51.50773,Slough Station,SL1,Slough
145540565.0,5QL,1.116561,52.086955,Westerfield Station,IP1,Ipswich
148494485.0,7BL,-0.53751,51.56853,Denham Golf Club Station,SL9,Slough
96560473.0,5SE,-1.53037,53.37722,Malin Bridge Tram Stop,S10,Sheffield
156132056.0,2HX,-0.146375,51.604906,New Southgate Station,N10,London
158167034.0,4TA,-2.07189,52.515637,Tipton Station,DY1,Dudley
160218629.0,5JJ,-5.123163,51.937763,Fishguard Harbour Station,SA62,Swansea
156798359.0,5TS,0.895395,51.953969,Colchester Station,CO4,Colchester
146621717.0,6HN,-0.0192,52.97662,Boston Station,PE21,Peterborough
162532628.0,8NY,-0.929327,51.774917,Haddenham & Thame Parkway Station,HP17,Hemel Hempstead
153799736.0,8JD,-4.37998,54.68725,Stranraer Station,DG8,Dumfries
162710102.0,5RY,-4.398692,50.982437,Barnstaple Station,EX39,Exeter
159081563.0,2LH,-0.289458,51.466515,North Sheen Station,TW9,Twickenham
160966346.0,8LY,-4.52907,50.82155,Okehampton Station,EX23,Exeter
158726372.0,5UZ,-2.73849,51.80684,Lydney Station,NP25,Newport
135512849.0,2HD,-2.03753,52.50726,Sandwell & Dudley Station,B69,Birmingham
161734970.0,1ET,0.663308,51.204772,Lenham Station,ME17,Medway
145209563.0,0QG,-1.569311,52.792058,Burton-on-Trent Station,DE15,Derby
156908216.0,4PR,-1.560197,53.360923,Dore Station,S10,Sheffield
144215327.0,9HY,-0.059984,52.293586,Huntingdon Station,PE28,Peterborough
162310385.0,6PA,-0.269276,51.513938,Acton Main Line Station,W3,London
96248417.0,4YZ,-0.21194,52.59997,Peterborough Station,PE1,Peterborough
161948546.0,4PR,-0.01116,50.91566,Cooksbridge Station,BN8,Brighton
157243904.0,5AW,-3.587829,51.490875,Bridgend Station,CF35,Cardiff
162210023.0,1BU,0.71279,51.53533,Southend Central Station,SS1,Southend-on-Sea
152106101.0,6TB,-3.049987,53.489471,Blundellsands & Crosby Station,L23,Liverpool
147803177.0,3HY,-0.215289,51.556354,Cricklewood Station,NW2,London
149236325.0,0UH,1.0197,51.81484,Alresford (Essex) Station,CO7,Colchester
152208044.0,6AA,-2.984606,53.460327,Bootle New Strand Station,L20,Liverpool
160661750.0,1TS,-0.47208,52.1365,Bedford Station,MK40,Milton Keynes
149681996.0,2SZ,1.224605,52.484848,Spooner Row Station,NR15,Norwich
162644258.0,6JP,-0.528104,51.911064,Leagrave Station,LU5,Luton
86158830.0,3SG,-4.744711,50.334289,St. Austell Station,PL25,Plymouth
154279988.0,0RU,-2.288418,52.305028,Hartlebury Station,DY13,Dudley
157191764.0,4HB,1.16676,51.315162,Sturry Station,CT3,Canterbury
162471761.0,1BX,0.712962,51.535255,Southend Central Station,SS1,Southend-on-Sea
158610713.0,6RB,-4.07668,51.79369,Ammanford Station,SA14,Swansea
145979819.0,2RD,-1.22782,54.5626,Middlesbrough Station,TS4,Cleveland
141600575.0,3RP,-0.177423,51.471164,Imperial Wharf Station,SW11,London
158104502.0,0NB,-1.425334,54.811566,Seaham Station,DH5,Durham
155822612.0,7FP,-0.01991,52.96363,Boston Station,PE21,Peterborough
160389386.0,5NQ,0.540862,52.906961,Kings Lynn Station,PE36,Peterborough
155654636.0,4DZ,-4.057466,50.391483,Plymouth Station,PL7,Plymouth
135802199.0,5LE,0.049437,51.753329,Roydon Station,CM19,Chelmsford
160987442.0,6LT,0.092326,51.619988,Grange Hill Station,IG7,Ilford
158393516.0,8QJ,-0.274344,51.347281,Ewell West Station,KT19,Kingston upon Thames
160218620.0,6NS,-4.451216,51.942988,Carmarthen Station,SA33,Swansea
155150603.0,3FB,-1.14951,52.95829,Nottingham Trent University Tram Stop,NG1,Nottingham
159259457.0,4QT,-0.975885,51.544017,Henley-on-Thames Station,RG9,Reading
159420464.0,0PA,-1.09853,52.643368,Leicester Station,LE5,Leicester
153835397.0,4UG,-4.17248,54.83916,Dumfries Station,DG6,Dumfries
161466497.0,2RA,-0.043788,51.145164,East Grinstead Station,RH19,Redhill
157766687.0,0JA,0.79409,51.20804,Charing Station,TN27,Tunbridge Wells
160569140.0,0BX,-2.24592,53.7998,Burnley Central Station,BB12,Blackburn
153644006.0,8JZ,-0.95047,51.322466,Hook Station,RG27,Reading
160650569.0,8QX,-0.90448,50.86756,Southbourne Station,PO10,Portsmouth
147434516.0,1UA,0.257088,51.575707,Upminster Station,RM14,Romford
150401156.0,9QW,-2.04007,53.50829,Mossley Station,OL5,
162666050.0,0LB,-3.939433,50.372259,Ivybridge Station,PL21,Plymouth
159505502.0,0JD,0.104879,51.937481,Stansted Mountfitchet Station,SG9,Stevenage
161999348.0,8JJ,-2.44822,52.31178,Hartlebury Station,WR15,Worcester
161372762.0,5LN,-1.70368,54.4375,Darlington Station,DL10,Darlington
161125766.0,9BT,-0.649296,53.195934,Hykeham Station,LN6,Lincoln
162005444.0,4RJ,-0.868505,53.403405,Gainsborough Central Station,DN10,Doncaster
162653171.0,4NG,-0.814393,53.873023,Howden Station,YO42,York
148099421.0,6XN,0.638468,50.958031,Winchelsea Station,TN31,Tunbridge Wells
161205056.0,0QJ,-1.441816,51.0246,Romsey Station,SO51,Southampton
152660732.0,1HU,-0.196393,54.147988,Bempton Station,YO15,York
148102109.0,6XN,0.654641,50.956605,Winchelsea Station,TN31,Tunbridge Wells
149006171.0,3HJ,-1.13614,52.94219,Nottingham Station,NG2,Nottingham
162680693.0,2ET,-2.173942,53.027405,Stoke-on-Trent Station,ST1,Stoke-on-Trent
161588690.0,7RA,-4.09811,52.00088,Llangadog Station,SA19,Swansea
160128905.0,2ER,-2.797212,54.067394,Lancaster Station,LA1,Lancaster
157960298.0,7BN,0.416413,51.155533,Paddock Wood Station,TN12,Tunbridge Wells
145958246.0,6LL,-0.40524,51.47652,Hounslow West Station,TW4,Twickenham
155820626.0,8NT,-2.61334,53.72685,Bamber Bridge Station,PR6,Preston
78566536.0,2LG,0.275774,53.319687,Skegness Station,LN12,Lincoln
162696992.0,5QE,-2.587779,51.466361,Montpelier Station,BS6,Bristol
154628909.0,0HT,-0.520269,51.483048,Heathrow Terminal 5 Station,SL3,Slough
142499348.0,0NJ,-1.608691,54.925991,Dunston Station,NE11,Newcastle upon Tyne
688899000000000.0,9RP,-0.017839,51.496099,Crossharbour & London Arena Station,E14,London
160839092.0,0JN,-0.126267,52.085321,Ashwell & Morden Station,SG8,Stevenage
